order_id,sold_on,region,product,qty,revenue
10000,2025-08-20,South,Laptop,3,50.62
10001,2025-09-20,North,Laptop,3,165.22
10002,2025-11-25,North,Laptop,1,97.95
10003,2025-01-17,North,Monitor,3,80.28
10004,2025-10-12,South,Monitor,1,31.02
10005,2025-08-17,West,Laptop,3,23.38
10006,2025-07-20,South,Monitor,2,142.38
10007,2025-07-27,North,Laptop,1,51.88
10008,2025-11-07,North,Laptop,1,35.51
10009,2025-02-14,North,Laptop,3,69.44
10010,2025-04-30,South,Laptop,1,27.9
10011,2025-10-01,East,Laptop,3,49.96
10012,2025-01-12,South,Laptop,2,97.88
10013,2025-08-16,North,Laptop,2,56.1
10014,2025-06-26,East,Laptop,4,107.98
10015,2025-04-12,West,Laptop,3,34.69
10016,2025-10-27,South,Laptop,1,23.73
10017,2025-02-03,North,Laptop,1,58.79
10018,2025-12-03,North,Laptop,1,82.53
10019,2025-06-17,North,Keyboard,5,53.82
10020,2025-11-26,South,Laptop,1,32.62
10021,2025-01-22,South,Keyboard,5,85.63
10022,2025-09-22,North,Keyboard,7,114.84
10023,2025-12-06,North,Keyboard,1,92.18
10024,2025-04-03,East,Laptop,2,65.9
10025,2025-08-18,North,Laptop,2,52.48
10026,2025-10-08,East,Monitor,1,77.79
10027,2025-12-25,East,Laptop,5,90.98
10028,2025-09-11,East,Laptop,4,98.49
10029,2025-08-07,North,Laptop,1,223.21
10030,2025-03-22,South,Keyboard,1,40.32
10031,2025-01-05,West,Laptop,1,64.7
10032,2025-12-27,North,Laptop,5,48.95
10033,2025-07-10,West,Laptop,1,42.84
10034,2025-02-27,West,Headset,1,106.01
10035,2025-10-07,West,Laptop,1,52.45
10036,2025-03-28,North,Laptop,2,75.71
10037,2025-10-18,South,Laptop,2,36.11
10038,2025-12-24,North,Laptop,1,78.61
10039,2025-04-05,North,Monitor,1,39.15
10040,2025-11-08,South,Monitor,1,67.46
10041,2025-06-25,East,Laptop,3,20.71
10042,2025-09-09,West,Headset,4,76.92
10043,2025-06-18,West,Monitor,3,127.03
10044,2025-04-24,South,Monitor,6,65.82
10045,2025-11-30,South,Monitor,1,34.37
10046,2025-10-30,West,Keyboard,4,59.83
10047,2025-10-23,West,Keyboard,1,32.17
10048,2025-06-01,East,Monitor,5,68.21
10049,2025-11-11,West,Laptop,3,121.63
10050,2025-11-28,West,Headset,1,73.82
10051,2025-03-08,West,Headset,1,52.59
10052,2025-06-01,East,Keyboard,1,69.82
10053,2025-05-01,East,Laptop,12,43.86
10054,2025-06-30,North,Monitor,1,167.99
10055,2025-02-28,East,Monitor,1,33.24
10056,2025-04-06,South,Laptop,2,113.23
10057,2025-02-24,South,Dock,1,30.72
10058,2025-04-08,West,Laptop,1,51.02
10059,2025-09-18,West,Laptop,2,72.21
10060,2025-04-10,North,Monitor,5,69.99
10061,2025-08-23,North,Laptop,7,129.64
10062,2025-05-12,East,Laptop,4,33.79
10063,2025-08-14,North,Laptop,1,116.87
10064,2025-01-24,North,Keyboard,2,27.63
10065,2025-08-18,East,Monitor,1,115.98
10066,2025-06-28,East,Headset,1,27.76
10067,2025-12-17,North,Headset,5,66.5
10068,2025-07-16,West,Laptop,3,47.26
10069,2025-01-20,West,Laptop,1,50.26
10070,2025-02-22,North,Monitor,3,33.4
10071,2025-05-10,East,Laptop,1,105.22
10072,2025-08-31,East,Monitor,2,70.27
10073,2025-11-20,West,Monitor,2,117.49
10074,2025-10-18,East,Headset,1,22.4
10075,2025-02-17,South,Laptop,1,73.14
10076,2025-03-13,West,Monitor,2,67.79
10077,2025-01-16,North,Laptop,1,26.52
10078,2025-07-20,South,Monitor,2,56.55
10079,2025-12-03,West,Monitor,3,38.23
10080,2025-11-01,South,Laptop,1,50.47
10081,2025-04-23,East,Monitor,3,41.23
10082,2025-03-09,East,Headset,1,101.0
10083,2025-06-06,East,Headset,1,76.63
10084,2025-08-04,West,Laptop,2,34.99
10085,2025-10-26,North,Headset,2,601.15
10086,2025-05-05,North,Laptop,3,47.83
10087,2025-05-29,East,Keyboard,1,130.18
10088,2025-09-24,South,Monitor,1,196.13
10089,2025-02-25,East,Laptop,2,128.77
10090,2025-02-10,North,Monitor,1,38.64
10091,2025-08-10,South,Monitor,2,50.49
10092,2025-05-02,West,Monitor,1,202.42
10093,2025-03-09,East,Laptop,5,45.97
10094,2025-10-23,West,Monitor,1,27.16
10095,2025-09-10,South,Monitor,1,100.25
10096,2025-05-14,South,Keyboard,2,78.93
10097,2025-03-14,South,Dock,3,20.46
10098,2025-01-08,West,Laptop,2,53.01
10099,2025-03-18,East,Headset,1,69.65
10100,2025-06-17,East,Laptop,1,57.12
10101,2025-02-04,North,Monitor,1,95.57
10102,2025-12-26,South,Keyboard,1,62.98
10103,2025-08-13,West,Laptop,2,37.61
10104,2025-03-31,South,Laptop,1,113.46
10105,2025-06-04,South,Monitor,1,196.33
10106,2025-11-12,North,Monitor,1,142.12
10107,2025-11-20,West,Laptop,1,279.96
10108,2025-06-27,West,Monitor,3,74.9
10109,2025-04-30,South,Laptop,1,46.71
10110,2025-07-07,West,Laptop,1,51.35
10111,2025-10-09,North,Laptop,7,47.72
10112,2025-04-02,East,Headset,3,74.49
10113,2025-03-23,West,Laptop,6,95.87
10114,2025-03-02,East,Laptop,1,140.96
10115,2025-01-21,East,Laptop,1,24.37
10116,2025-01-31,North,Keyboard,1,82.3
10117,2025-12-14,West,Laptop,1,77.22
10118,2025-10-15,West,Headset,2,106.86
10119,2025-11-27,North,Laptop,2,16.44
10120,2025-05-07,South,Keyboard,1,109.31
10121,2025-03-28,South,Laptop,1,80.91
10122,2025-07-17,South,Headset,2,31.94
10123,2025-09-21,West,Monitor,1,74.29
10124,2025-04-26,South,Monitor,2,68.66
10125,2025-11-26,West,Laptop,1,25.86
10126,2025-12-21,North,Monitor,1,103.09
10127,2025-05-19,South,Laptop,1,69.34
10128,2025-04-15,West,Monitor,1,98.42
10129,2025-11-21,South,Keyboard,1,83.13
10130,2025-08-04,North,Laptop,4,76.54
10131,2025-05-03,North,Laptop,1,98.23
10132,2025-08-29,North,Laptop,1,65.09
10133,2025-09-02,West,Monitor,2,112.58
10134,2025-03-26,South,Headset,4,49.33
10135,2025-06-09,North,Laptop,2,130.46
10136,2025-04-13,North,Laptop,1,122.52
10137,2025-08-02,West,Laptop,1,106.99
10138,2025-04-04,South,Laptop,1,59.41
10139,2025-06-23,West,Laptop,1,49.19
10140,2025-07-23,East,Laptop,1,102.8
10141,2025-09-12,West,Laptop,3,25.91
10142,2025-09-20,South,Laptop,3,33.26
10143,2025-04-18,East,Laptop,2,141.26
10144,2025-11-11,North,Keyboard,2,23.79
10145,2025-10-30,West,Laptop,1,54.16
10146,2025-03-24,East,Keyboard,1,57.15
10147,2025-12-21,East,Keyboard,4,74.09
10148,2025-02-07,West,Keyboard,5,132.27
10149,2025-01-09,North,Monitor,2,63.48
10150,2025-02-17,East,Laptop,1,42.15
10151,2025-06-26,West,Keyboard,1,55.47
10152,2025-08-18,East,Laptop,1,122.61
10153,2025-12-13,East,Monitor,7,114.09
10154,2025-10-31,North,Monitor,5,64.22
10155,2025-12-07,East,Laptop,7,69.78
10156,2025-03-03,South,Headset,1,80.4
10157,2025-04-20,East,Laptop,3,63.67
10158,2025-02-04,North,Headset,2,58.33
10159,2025-09-09,South,Headset,2,27.06
10160,2025-11-15,West,Monitor,3,155.74
10161,2025-05-28,West,Laptop,1,39.96
10162,2025-10-12,South,Monitor,4,169.65
10163,2025-05-03,East,Keyboard,2,62.69
10164,2025-04-29,South,Monitor,5,58.51
10165,2025-01-17,South,Laptop,1,24.26
10166,2025-12-10,South,Headset,3,55.42
10167,2025-09-07,West,Keyboard,3,26.93
10168,2025-06-15,North,Monitor,1,50.23
10169,2025-05-24,West,Monitor,3,189.06
10170,2025-03-08,East,Laptop,2,30.24
10171,2025-11-28,East,Laptop,2,21.5
10172,2025-08-21,North,Monitor,1,61.2
10173,2025-01-02,West,Laptop,1,66.01
10174,2025-03-22,East,Keyboard,1,41.44
10175,2025-12-19,North,Laptop,7,69.43
10176,2025-11-02,East,Laptop,1,45.39
10177,2025-02-08,South,Keyboard,1,27.41
10178,2025-12-13,North,Laptop,1,61.91
10179,2025-07-12,West,Laptop,1,75.24
10180,2025-02-08,West,Laptop,4,124.23
10181,2025-03-18,South,Monitor,1,46.8
10182,2025-10-19,West,Laptop,1,51.2
10183,2025-04-24,West,Laptop,2,28.15
10184,2025-07-16,North,Laptop,4,42.08
10185,2025-12-05,North,Laptop,1,76.69
10186,2025-10-03,South,Monitor,2,75.48
10187,2025-01-19,West,Monitor,1,59.5
10188,2025-01-26,West,Laptop,1,49.8
10189,2025-07-08,West,Headset,1,26.7
10190,2025-06-13,South,Monitor,1,69.92
10191,2025-05-27,South,Laptop,3,61.14
10192,2025-02-06,North,Monitor,1,230.01
10193,2025-11-30,South,Laptop,2,26.85
10194,2025-04-06,South,Keyboard,2,76.19
10195,2025-09-21,East,Laptop,1,45.71
10196,2025-09-09,East,Laptop,1,182.17
10197,2025-04-12,South,Laptop,3,141.34
10198,2025-09-29,East,Keyboard,2,44.22
10199,2025-10-28,South,Laptop,1,72.8
10200,2025-05-07,South,Monitor,1,59.91
10201,2025-05-12,North,Laptop,1,56.93
10202,2025-04-10,West,Keyboard,1,131.41
10203,2025-12-10,West,Laptop,2,82.15
10204,2025-11-23,North,Laptop,4,128.53
10205,2025-09-24,West,Monitor,5,152.89
10206,2025-04-30,East,Keyboard,1,45.85
10207,2025-03-21,East,Laptop,2,49.37
10208,2025-04-25,West,Monitor,1,33.4
10209,2025-10-21,North,Monitor,4,88.6
10210,2025-04-08,North,Laptop,1,26.33
10211,2025-10-24,West,Laptop,1,54.84
10212,2025-12-17,West,Keyboard,1,35.72
10213,2025-12-23,South,Laptop,5,73.19
10214,2025-11-28,North,Laptop,1,58.36
10215,2025-06-22,South,Laptop,3,57.04
10216,2025-09-23,North,Laptop,1,56.56
10217,2025-12-25,West,Laptop,2,52.18
10218,2025-02-10,East,Laptop,5,73.1
10219,2025-01-31,South,Headset,1,43.35
10220,2025-05-19,East,Monitor,1,93.85
10221,2025-01-08,West,Monitor,1,43.53
10222,2025-02-23,West,Laptop,3,136.01
10223,2025-07-13,North,Laptop,2,40.4
10224,2025-11-26,West,Monitor,1,58.8
10225,2025-07-12,South,Laptop,3,74.95
10226,2025-06-17,North,Keyboard,2,67.77
10227,2025-02-04,North,Laptop,3,99.5
10228,2025-03-16,South,Laptop,2,122.68
10229,2025-10-26,West,Monitor,1,44.53
10230,2025-08-26,West,Laptop,2,42.1
10231,2025-04-10,East,Monitor,1,37.24
10232,2025-01-02,West,Laptop,2,89.78
10233,2025-07-15,West,Headset,1,133.23
10234,2025-06-06,West,Monitor,1,151.52
10235,2025-11-12,South,Keyboard,1,40.73
10236,2025-05-12,West,Laptop,2,44.2
10237,2025-06-15,East,Laptop,1,35.12
10238,2025-05-03,South,Laptop,6,128.68
10239,2025-08-22,South,Laptop,1,99.57
10240,2025-06-29,South,Laptop,1,36.0
10241,2025-02-18,West,Laptop,1,50.78
10242,2025-01-12,North,Keyboard,4,91.91
10243,2025-11-05,South,Keyboard,1,40.33
10244,2025-07-06,East,Monitor,1,45.92
10245,2025-04-25,East,Monitor,1,68.31
10246,2025-12-26,West,Keyboard,1,105.88
10247,2025-04-21,South,Monitor,3,131.09
10248,2025-05-14,North,Laptop,2,42.89
10249,2025-01-11,South,Headset,4,49.79
10250,2025-10-02,East,Laptop,1,28.02
10251,2025-06-12,East,Keyboard,2,36.91
10252,2025-09-03,South,Monitor,7,57.15
10253,2025-05-31,West,Laptop,2,129.32
10254,2025-09-03,West,Laptop,2,47.38
10255,2025-09-26,North,Laptop,1,120.66
10256,2025-10-21,North,Keyboard,1,66.89
10257,2025-11-26,South,Laptop,3,112.34
10258,2025-12-19,West,Monitor,3,29.49
10259,2025-11-26,West,Laptop,2,40.03
10260,2025-04-10,West,Laptop,1,51.18
10261,2025-09-05,North,Keyboard,3,73.93
10262,2025-08-07,South,Monitor,1,61.02
10263,2025-10-19,North,Laptop,1,53.38
10264,2025-02-12,North,Keyboard,5,111.8
10265,2025-09-15,West,Laptop,1,33.16
10266,2025-03-22,North,Keyboard,2,40.44
10267,2025-08-03,East,Monitor,1,52.27
10268,2025-02-14,North,Monitor,2,206.4
10269,2025-08-26,South,Keyboard,2,87.87
10270,2025-09-14,East,Monitor,1,67.22
10271,2025-12-04,South,Laptop,5,51.41
10272,2025-11-26,West,Keyboard,1,44.41
10273,2025-11-11,East,Laptop,2,25.03
10274,2025-09-12,East,Laptop,3,198.47
10275,2025-04-02,North,Monitor,1,171.42
10276,2025-07-22,East,Laptop,1,77.74
10277,2025-09-29,South,Monitor,2,143.3
10278,2025-12-30,West,Laptop,1,70.59
10279,2025-02-24,East,Laptop,5,59.47
10280,2025-10-19,South,Monitor,2,28.12
10281,2025-01-08,West,Monitor,1,58.2
10282,2025-09-04,East,Headset,1,31.49
10283,2025-09-18,South,Laptop,6,45.87
10284,2025-11-07,East,Laptop,1,41.79
10285,2025-01-31,North,Monitor,3,41.44
10286,2025-06-14,East,Laptop,1,22.22
10287,2025-08-22,South,Laptop,1,32.55
10288,2025-06-06,South,Monitor,1,77.06
10289,2025-11-26,North,Monitor,5,86.37
10290,2025-11-24,West,Laptop,1,77.04
10291,2025-10-24,West,Laptop,1,61.36
10292,2025-05-30,North,Laptop,3,80.72
10293,2025-11-23,South,Laptop,3,70.43
10294,2025-06-27,South,Laptop,3,166.47
10295,2025-10-17,North,Monitor,1,57.45
10296,2025-07-28,East,Keyboard,1,36.91
10297,2025-03-26,West,Laptop,6,48.92
10298,2025-05-11,South,Laptop,1,24.1
10299,2025-11-12,East,Dock,6,27.07
10300,2025-03-24,East,Laptop,4,30.34
10301,2025-07-11,East,Laptop,2,47.07
10302,2025-05-06,West,Laptop,1,64.04
10303,2025-05-29,South,Laptop,1,34.27
10304,2025-01-08,West,Monitor,2,79.86
10305,2025-10-01,West,Headset,3,53.11
10306,2025-11-29,South,Laptop,1,77.89
10307,2025-06-21,West,Headset,1,93.55
10308,2025-09-08,East,Headset,2,77.25
10309,2025-09-19,South,Monitor,1,97.04
10310,2025-09-10,West,Laptop,2,43.03
10311,2025-07-10,South,Monitor,1,72.66
10312,2025-03-21,South,Monitor,3,51.19
10313,2025-03-08,South,Monitor,4,136.21
10314,2025-12-02,East,Laptop,2,77.54
10315,2025-02-21,West,Laptop,1,70.94
10316,2025-08-20,East,Laptop,1,42.64
10317,2025-03-26,West,Monitor,3,89.46
10318,2025-10-06,South,Monitor,1,24.64
10319,2025-01-01,North,Keyboard,1,43.26
10320,2025-09-13,North,Laptop,2,48.13
10321,2025-01-11,South,Laptop,4,67.94
10322,2025-09-02,East,Monitor,1,32.9
10323,2025-09-13,North,Monitor,4,76.21
10324,2025-05-29,North,Laptop,2,110.47
10325,2025-06-06,East,Laptop,1,80.12
10326,2025-08-29,West,Keyboard,1,100.71
10327,2025-01-06,South,Laptop,3,125.01
10328,2025-07-08,North,Laptop,1,120.79
10329,2025-11-05,West,Laptop,1,114.34
10330,2025-12-05,West,Laptop,1,71.03
10331,2025-09-26,East,Laptop,2,39.12
10332,2025-06-19,West,Laptop,5,75.44
10333,2025-10-04,North,Monitor,1,109.94
10334,2025-12-11,North,Keyboard,9,69.44
10335,2025-03-20,East,Laptop,1,14.73
10336,2025-10-20,East,Keyboard,3,52.86
10337,2025-03-09,West,Laptop,4,169.85
10338,2025-09-12,West,Laptop,3,37.03
10339,2025-03-08,South,Laptop,2,70.1
10340,2025-10-29,East,Monitor,2,95.24
10341,2025-10-29,North,Laptop,2,58.6
10342,2025-10-25,West,Laptop,1,191.57
10343,2025-03-20,North,Laptop,1,15.21
10344,2025-02-18,North,Keyboard,2,165.99
10345,2025-03-04,North,Monitor,2,104.75
10346,2025-10-17,South,Keyboard,6,50.17
10347,2025-04-20,North,Monitor,1,70.0
10348,2025-12-09,North,Laptop,2,32.83
10349,2025-05-21,North,Keyboard,2,39.23
10350,2025-10-14,West,Monitor,1,47.44
10351,2025-05-15,North,Monitor,1,71.4
10352,2025-01-26,South,Headset,1,44.72
10353,2025-09-29,North,Monitor,5,252.12
10354,2025-05-07,South,Monitor,2,38.24
10355,2025-08-25,West,Laptop,1,28.29
10356,2025-06-14,West,Keyboard,5,52.05
10357,2025-05-08,West,Laptop,1,36.09
10358,2025-09-02,West,Headset,1,61.15
10359,2025-05-26,East,Laptop,4,168.4
10360,2025-09-20,South,Laptop,1,49.84
10361,2025-12-27,North,Monitor,1,129.9
10362,2025-02-10,South,Keyboard,1,86.11
10363,2025-11-06,North,Laptop,1,29.04
10364,2025-06-04,North,Laptop,3,61.1
10365,2025-02-20,West,Laptop,1,38.36
10366,2025-09-15,South,Laptop,1,35.75
10367,2025-10-25,East,Laptop,2,106.19
10368,2025-04-19,North,Laptop,1,82.4
10369,2025-06-15,South,Laptop,1,50.64
10370,2025-02-18,West,Headset,2,130.06
10371,2025-07-18,East,Monitor,2,35.6
10372,2025-08-04,South,Dock,1,39.43
10373,2025-10-13,North,Laptop,1,123.24
10374,2025-11-16,West,Monitor,2,17.6
10375,2025-10-26,East,Keyboard,3,38.98
10376,2025-02-05,West,Laptop,1,136.15
10377,2025-07-21,North,Laptop,1,56.93
10378,2025-10-05,East,Monitor,2,56.78
10379,2025-01-16,East,Laptop,2,143.74
10380,2025-05-09,West,Laptop,2,32.7
10381,2025-10-20,West,Laptop,1,88.6
10382,2025-03-11,South,Monitor,1,51.42
10383,2025-10-14,North,Keyboard,2,53.62
10384,2025-05-19,South,Monitor,1,83.77
10385,2025-05-02,South,Laptop,1,60.02
10386,2025-01-17,West,Laptop,2,14.55
10387,2025-10-17,North,Laptop,3,82.78
10388,2025-03-02,North,Monitor,3,57.05
10389,2025-11-17,West,Laptop,2,38.96
10390,2025-04-19,West,Monitor,2,59.61
10391,2025-03-09,South,Monitor,2,32.87
10392,2025-04-19,West,Monitor,3,21.87
10393,2025-02-19,North,Laptop,1,60.31
10394,2025-12-06,North,Laptop,2,96.48
10395,2025-04-18,North,Laptop,4,45.72
10396,2025-04-21,North,Laptop,4,140.32
10397,2025-03-29,North,Laptop,2,47.67
10398,2025-10-12,South,Laptop,5,67.06
10399,2025-01-05,South,Monitor,4,33.8
10400,2025-08-29,South,Laptop,4,61.84
10401,2025-03-15,East,Laptop,1,39.42
10402,2025-04-25,South,Headset,1,54.75
10403,2025-04-01,South,Laptop,2,46.61
10404,2025-04-01,South,Monitor,3,73.78
10405,2025-10-01,West,Monitor,1,125.32
10406,2025-06-27,North,Headset,2,91.16
10407,2025-12-19,North,Laptop,1,58.6
10408,2025-12-17,West,Keyboard,1,24.38
10409,2025-10-16,North,Monitor,2,69.8
10410,2025-05-08,South,Monitor,1,52.54
10411,2025-11-14,West,Laptop,1,73.83
10412,2025-01-23,South,Headset,3,37.18
10413,2025-11-15,East,Laptop,2,147.55
10414,2025-09-29,East,Laptop,1,196.78
10415,2025-02-03,East,Keyboard,1,33.5
10416,2025-08-15,South,Keyboard,2,95.05
10417,2025-04-01,North,Keyboard,2,34.34
10418,2025-04-06,South,Keyboard,1,66.94
10419,2025-08-16,South,Laptop,3,38.56
10420,2025-11-18,West,Laptop,1,35.36
10421,2025-03-23,North,Laptop,1,59.95
10422,2025-02-06,South,Monitor,1,71.39
10423,2025-07-12,North,Keyboard,2,105.72
10424,2025-11-10,West,Headset,13,77.97
10425,2025-03-23,East,Monitor,1,32.49
10426,2025-05-26,North,Monitor,1,71.54
10427,2025-06-13,South,Monitor,1,155.61
10428,2025-04-06,West,Laptop,3,136.98
10429,2025-02-12,South,Monitor,1,123.57
10430,2025-07-05,North,Laptop,1,47.32
10431,2025-10-24,South,Laptop,3,216.35
10432,2025-11-18,North,Monitor,1,202.1
10433,2025-09-18,South,Keyboard,3,51.5
10434,2025-04-28,North,Laptop,1,38.38
10435,2025-03-24,West,Laptop,2,105.04
10436,2025-06-12,East,Laptop,1,25.87
10437,2025-12-16,East,Laptop,3,52.27
10438,2025-01-25,South,Monitor,1,236.72
10439,2025-11-21,North,Monitor,2,32.29
10440,2025-12-12,North,Laptop,2,62.0
10441,2025-03-31,East,Laptop,1,40.07
10442,2025-04-29,South,Monitor,1,104.22
10443,2025-03-30,East,Laptop,1,31.62
10444,2025-04-10,West,Keyboard,3,29.55
10445,2025-02-17,North,Monitor,1,71.27
10446,2025-02-13,South,Laptop,1,39.6
10447,2025-08-12,East,Headset,1,30.73
10448,2025-12-13,North,Headset,1,39.56
10449,2025-03-06,East,Monitor,4,47.24
10450,2025-08-14,South,Keyboard,1,59.61
10451,2025-01-14,West,Laptop,2,16.02
10452,2025-05-26,West,Monitor,2,78.06
10453,2025-11-06,South,Laptop,1,61.67
10454,2025-03-27,South,Monitor,1,42.46
10455,2025-12-17,East,Monitor,3,24.88
10456,2025-03-11,East,Keyboard,1,83.4
10457,2025-09-29,West,Monitor,1,43.45
10458,2025-08-09,South,Laptop,1,110.42
10459,2025-11-02,East,Laptop,1,62.18
10460,2025-12-16,West,Laptop,3,98.25
10461,2025-10-23,North,Laptop,1,51.71
10462,2025-09-11,East,Laptop,1,137.86
10463,2025-03-17,North,Laptop,2,118.66
10464,2025-08-27,North,Monitor,1,46.56
10465,2025-07-28,South,Laptop,1,52.38
10466,2025-09-10,East,Laptop,1,83.14
10467,2025-09-14,West,Monitor,1,67.31
10468,2025-03-18,East,Laptop,6,126.22
10469,2025-05-26,West,Laptop,1,79.51
10470,2025-11-23,East,Laptop,1,40.3
10471,2025-01-17,South,Monitor,3,52.95
10472,2025-05-14,South,Laptop,2,46.86
10473,2025-02-17,West,Monitor,1,52.91
10474,2025-12-13,South,Laptop,1,95.9
10475,2025-08-24,West,Laptop,1,151.92
10476,2025-10-07,North,Monitor,1,52.14
10477,2025-02-11,South,Laptop,2,40.61
10478,2025-01-06,East,Laptop,3,50.58
10479,2025-08-07,East,Laptop,5,50.65
10480,2025-06-06,South,Monitor,2,41.93
10481,2025-05-24,North,Monitor,2,57.58
10482,2025-09-21,North,Monitor,3,50.79
10483,2025-03-22,East,Monitor,2,84.46
10484,2025-11-24,North,Laptop,1,212.04
10485,2025-12-11,South,Laptop,1,28.85
10486,2025-02-25,West,Keyboard,1,54.72
10487,2025-08-04,West,Monitor,1,86.21
10488,2025-01-03,North,Headset,8,81.29
10489,2025-05-05,South,Monitor,1,85.68
10490,2025-12-29,West,Laptop,4,21.28
10491,2025-05-24,East,Laptop,1,30.67
10492,2025-03-03,South,Monitor,6,141.65
10493,2025-12-19,South,Monitor,2,45.45
10494,2025-10-21,South,Monitor,2,62.04
10495,2025-02-02,North,Keyboard,1,116.94
10496,2025-12-29,East,Laptop,1,131.47
10497,2025-07-03,East,Laptop,2,36.89
10498,2025-01-14,South,Laptop,1,91.92
10499,2025-07-02,North,Monitor,1,41.09
10500,2025-09-17,West,Laptop,2,142.51
10501,2025-06-28,East,Laptop,2,81.13
10502,2025-08-27,South,Laptop,1,54.09
10503,2025-09-11,East,Laptop,4,21.24
10504,2025-08-28,South,Laptop,1,14.45
10505,2025-09-27,East,Laptop,2,112.54
10506,2025-05-16,North,Monitor,1,14.88
10507,2025-02-15,South,Laptop,3,199.39
10508,2025-04-28,South,Dock,5,100.98
10509,2025-03-02,North,Headset,6,74.04
10510,2025-07-01,East,Laptop,1,77.67
10511,2025-01-09,East,Headset,1,177.34
10512,2025-11-11,North,Monitor,1,97.53
10513,2025-02-06,North,Laptop,1,48.35
10514,2025-07-23,South,Monitor,1,31.94
10515,2025-03-30,North,Headset,1,143.1
10516,2025-03-24,South,Laptop,3,27.27
10517,2025-04-10,East,Laptop,2,56.7
10518,2025-05-29,North,Laptop,1,156.43
10519,2025-01-05,West,Laptop,2,107.82
10520,2025-10-29,North,Keyboard,1,131.88
10521,2025-12-13,West,Headset,1,84.39
10522,2025-12-02,South,Monitor,1,38.61
10523,2025-07-04,West,Keyboard,2,57.77
10524,2025-10-08,East,Laptop,2,73.28
10525,2025-01-08,South,Laptop,1,60.01
10526,2025-01-05,East,Headset,1,111.69
10527,2025-03-19,West,Keyboard,2,140.8
10528,2025-08-28,West,Laptop,1,60.89
10529,2025-10-29,East,Laptop,1,105.1
10530,2025-12-15,North,Monitor,3,78.95
10531,2025-03-06,South,Keyboard,1,80.9
10532,2025-03-06,South,Monitor,2,55.95
10533,2025-11-18,West,Laptop,5,16.1
10534,2025-09-02,North,Headset,1,49.73
10535,2025-08-29,North,Monitor,1,82.66
10536,2025-08-14,North,Laptop,9,162.78
10537,2025-05-09,East,Monitor,7,113.65
10538,2025-04-27,East,Laptop,1,79.01
10539,2025-01-26,East,Laptop,1,131.28
10540,2025-08-01,South,Monitor,3,108.59
10541,2025-03-20,West,Dock,2,85.59
10542,2025-05-02,East,Headset,1,71.65
10543,2025-09-05,West,Monitor,2,48.92
10544,2025-03-16,East,Laptop,1,125.57
10545,2025-03-18,North,Monitor,4,29.24
10546,2025-04-19,West,Laptop,1,33.0
10547,2025-04-30,North,Laptop,1,147.58
10548,2025-01-08,East,Keyboard,1,26.32
10549,2025-12-03,South,Laptop,1,21.75
10550,2025-07-08,North,Laptop,3,75.26
10551,2025-07-29,East,Laptop,4,172.57
10552,2025-07-29,South,Monitor,3,108.04
10553,2025-07-19,East,Laptop,2,52.16
10554,2025-11-21,West,Laptop,1,27.16
10555,2025-12-30,West,Laptop,1,138.67
10556,2025-03-21,West,Laptop,3,57.35
10557,2025-11-01,East,Laptop,1,120.85
10558,2025-03-21,South,Laptop,6,74.69
10559,2025-02-11,West,Monitor,1,112.34
10560,2025-12-10,West,Laptop,1,110.95
10561,2025-11-14,East,Laptop,1,82.46
10562,2025-12-19,South,Laptop,3,134.79
10563,2025-06-25,South,Laptop,2,26.19
10564,2025-09-13,South,Monitor,1,138.6
10565,2025-07-16,West,Laptop,4,72.23
10566,2025-05-12,East,Laptop,6,42.58
10567,2025-03-12,South,Laptop,1,42.1
10568,2025-05-22,East,Laptop,1,66.52
10569,2025-07-18,West,Laptop,1,177.78
10570,2025-04-16,North,Laptop,2,82.2
10571,2025-09-26,South,Laptop,2,38.67
10572,2025-02-04,North,Keyboard,2,113.11
10573,2025-03-24,East,Monitor,1,88.03
10574,2025-02-25,West,Monitor,2,57.06
10575,2025-11-09,East,Monitor,2,122.06
10576,2025-03-09,West,Laptop,2,107.79
10577,2025-02-11,East,Laptop,2,97.08
10578,2025-05-22,West,Laptop,1,99.69
10579,2025-07-22,South,Laptop,1,40.84
10580,2025-11-14,South,Headset,1,81.26
10581,2025-05-06,West,Dock,4,91.15
10582,2025-08-31,West,Headset,1,42.5
10583,2025-02-14,South,Laptop,1,94.83
10584,2025-10-27,West,Laptop,1,146.25
10585,2025-02-22,North,Laptop,3,32.13
10586,2025-10-18,South,Laptop,1,88.52
10587,2025-08-12,West,Laptop,1,90.79
10588,2025-05-04,South,Laptop,1,115.73
10589,2025-01-06,North,Keyboard,1,66.48
10590,2025-06-05,South,Monitor,1,221.6
10591,2025-11-17,North,Laptop,2,77.26
10592,2025-01-29,East,Laptop,4,76.11
10593,2025-09-29,North,Laptop,1,56.56
10594,2025-08-29,East,Laptop,1,77.19
10595,2025-01-28,West,Laptop,2,79.96
10596,2025-09-17,South,Laptop,1,30.76
10597,2025-01-14,West,Monitor,6,30.64
10598,2025-03-31,East,Laptop,3,58.19
10599,2025-06-03,East,Laptop,1,46.27
10600,2025-07-04,North,Laptop,1,85.42
10601,2025-09-12,West,Keyboard,1,161.13
10602,2025-11-13,North,Laptop,4,40.59
10603,2025-10-03,South,Laptop,1,70.42
10604,2025-01-30,South,Laptop,1,55.47
10605,2025-12-12,North,Monitor,2,19.45
10606,2025-03-30,East,Monitor,3,81.59
10607,2025-08-17,West,Laptop,2,50.52
10608,2025-09-24,North,Laptop,4,100.75
10609,2025-11-07,North,Headset,1,26.16
10610,2025-04-28,North,Headset,2,50.06
10611,2025-03-13,North,Laptop,2,49.53
10612,2025-01-02,South,Laptop,3,92.77
10613,2025-06-30,East,Laptop,1,152.88
10614,2025-07-13,West,Laptop,1,60.98
10615,2025-06-03,West,Laptop,1,32.25
10616,2025-06-01,East,Laptop,1,34.59
10617,2025-06-17,East,Laptop,2,78.32
10618,2025-12-04,North,Keyboard,2,796.61
10619,2025-08-30,West,Laptop,2,89.64
10620,2025-12-14,South,Monitor,1,196.25
10621,2025-11-18,West,Monitor,1,159.86
10622,2025-12-23,East,Laptop,1,151.06
10623,2025-09-28,West,Laptop,1,83.65
10624,2025-03-31,East,Keyboard,1,87.44
10625,2025-03-11,West,Laptop,1,33.46
10626,2025-06-14,North,Laptop,4,68.73
10627,2025-12-30,South,Laptop,2,73.12
10628,2025-08-06,East,Laptop,3,108.12
10629,2025-05-06,West,Laptop,8,32.79
10630,2025-04-04,North,Laptop,1,40.56
10631,2025-01-13,South,Laptop,1,51.48
10632,2025-02-06,East,Laptop,1,62.05
10633,2025-06-30,East,Laptop,1,43.65
10634,2025-11-26,West,Laptop,2,82.81
10635,2025-08-05,South,Monitor,1,103.61
10636,2025-02-08,East,Monitor,1,49.96
10637,2025-02-19,South,Laptop,3,110.75
10638,2025-01-24,West,Monitor,1,138.11
10639,2025-01-27,North,Monitor,2,149.43
10640,2025-07-28,South,Laptop,3,82.24
10641,2025-09-09,North,Monitor,4,15.26
10642,2025-10-14,South,Laptop,3,63.24
10643,2025-11-03,West,Keyboard,8,40.14
10644,2025-08-17,South,Monitor,1,74.46
10645,2025-06-04,South,Laptop,3,59.51
10646,2025-04-27,East,Laptop,5,87.89
10647,2025-10-11,West,Monitor,1,110.16
10648,2025-05-25,South,Headset,2,130.16
10649,2025-02-14,East,Laptop,2,80.98
10650,2025-09-07,North,Laptop,1,25.04
10651,2025-10-20,West,Keyboard,3,355.68
10652,2025-02-04,West,Monitor,1,107.15
10653,2025-02-13,West,Laptop,2,92.49
10654,2025-05-05,South,Monitor,1,219.2
10655,2025-06-06,North,Monitor,1,81.81
10656,2025-12-17,North,Laptop,4,62.74
10657,2025-06-02,East,Laptop,1,57.94
10658,2025-10-01,East,Laptop,2,89.16
10659,2025-08-28,North,Monitor,1,77.13
10660,2025-10-16,East,Monitor,2,52.07
10661,2025-01-29,East,Laptop,1,49.17
10662,2025-05-07,South,Monitor,2,49.4
10663,2025-03-09,East,Laptop,1,54.86
10664,2025-03-28,West,Headset,2,140.83
10665,2025-10-11,East,Laptop,1,418.77
10666,2025-12-21,East,Laptop,3,231.95
10667,2025-05-14,East,Laptop,2,112.17
10668,2025-04-30,East,Keyboard,3,110.66
10669,2025-05-23,South,Laptop,2,114.14
10670,2025-01-03,North,Laptop,1,165.47
10671,2025-03-13,North,Keyboard,1,93.18
10672,2025-03-30,West,Laptop,1,129.24
10673,2025-04-24,South,Laptop,1,69.34
10674,2025-08-14,West,Laptop,2,131.4
10675,2025-06-29,West,Monitor,4,81.32
10676,2025-07-12,East,Laptop,2,64.01
10677,2025-04-11,East,Monitor,1,143.8
10678,2025-11-15,East,Laptop,2,45.47
10679,2025-12-03,West,Laptop,1,51.34
10680,2025-05-12,South,Laptop,1,75.57
10681,2025-06-27,East,Keyboard,1,46.85
10682,2025-07-22,East,Laptop,3,62.03
10683,2025-03-06,North,Laptop,1,26.63
10684,2025-02-03,West,Monitor,1,25.28
10685,2025-11-06,West,Monitor,1,77.42
10686,2025-07-16,North,Keyboard,4,30.13
10687,2025-03-13,South,Laptop,1,133.21
10688,2025-11-09,East,Laptop,2,35.93
10689,2025-10-15,East,Monitor,2,53.55
10690,2025-08-02,West,Laptop,1,80.99
10691,2025-11-28,West,Laptop,2,67.45
10692,2025-06-30,North,Laptop,1,46.3
10693,2025-11-17,West,Laptop,1,58.78
10694,2025-01-04,East,Laptop,1,41.08
10695,2025-03-03,East,Laptop,3,112.63
10696,2025-01-13,East,Laptop,1,57.38
10697,2025-05-02,West,Laptop,4,41.19
10698,2025-11-30,North,Keyboard,6,114.63
10699,2025-12-31,West,Laptop,3,82.9
10700,2025-10-13,West,Laptop,3,94.59
10701,2025-05-15,West,Keyboard,1,67.22
10702,2025-03-11,East,Keyboard,1,35.03
10703,2025-10-11,South,Laptop,1,28.26
10704,2025-07-30,South,Laptop,3,74.88
10705,2025-10-31,West,Laptop,2,41.96
10706,2025-05-03,North,Laptop,1,97.3
10707,2025-04-07,East,Monitor,3,52.08
10708,2025-02-25,North,Laptop,1,103.98
10709,2025-09-16,South,Laptop,3,45.88
10710,2025-08-24,South,Laptop,2,67.9
10711,2025-08-09,North,Laptop,1,75.58
10712,2025-10-06,South,Monitor,4,47.59
10713,2025-04-22,North,Keyboard,3,183.16
10714,2025-09-04,South,Laptop,6,52.01
10715,2025-06-27,North,Monitor,1,196.76
10716,2025-02-28,West,Laptop,1,109.53
10717,2025-05-04,West,Monitor,1,27.73
10718,2025-06-03,East,Headset,1,62.67
10719,2025-01-02,West,Headset,1,41.34
10720,2025-11-24,South,Laptop,1,81.45
10721,2025-05-14,North,Monitor,1,129.33
10722,2025-05-20,West,Laptop,1,45.11
10723,2025-10-06,West,Monitor,2,108.93
10724,2025-06-10,South,Laptop,1,65.63
10725,2025-09-27,West,Monitor,4,56.24
10726,2025-11-06,East,Keyboard,4,77.06
10727,2025-08-07,East,Monitor,2,26.1
10728,2025-06-07,East,Laptop,2,98.8
10729,2025-12-28,North,Laptop,1,118.4
10730,2025-04-29,West,Headset,1,87.0
10731,2025-08-29,South,Laptop,2,42.9
10732,2025-11-04,West,Laptop,2,113.2
10733,2025-08-24,East,Laptop,5,35.83
10734,2025-01-19,West,Headset,2,43.86
10735,2025-02-12,South,Laptop,1,47.78
10736,2025-12-18,South,Monitor,5,59.95
10737,2025-11-26,West,Laptop,1,51.29
10738,2025-02-05,East,Monitor,2,213.79
10739,2025-10-09,East,Dock,1,32.06
10740,2025-01-26,West,Monitor,1,127.31
10741,2025-05-21,West,Monitor,1,33.31
10742,2025-07-28,North,Monitor,5,59.19
10743,2025-10-03,North,Laptop,2,66.82
10744,2025-05-12,South,Keyboard,2,36.96
10745,2025-12-23,West,Monitor,6,26.18
10746,2025-09-07,North,Keyboard,1,29.62
10747,2025-10-31,North,Monitor,1,29.82
10748,2025-01-09,West,Keyboard,2,118.4
10749,2025-06-10,East,Laptop,1,112.65
10750,2025-06-19,North,Monitor,1,51.05
10751,2025-08-17,East,Keyboard,3,73.34
10752,2025-12-10,North,Laptop,1,86.41
10753,2025-05-01,West,Keyboard,1,81.19
10754,2025-01-29,North,Laptop,2,223.09
10755,2025-10-22,South,Headset,2,24.46
10756,2025-05-08,South,Monitor,4,25.5
10757,2025-04-22,East,Monitor,4,39.47
10758,2025-10-07,North,Laptop,4,49.7
10759,2025-04-01,North,Monitor,2,142.81
10760,2025-11-27,East,Monitor,3,97.5
10761,2025-06-22,West,Monitor,2,37.2
10762,2025-03-04,North,Laptop,1,66.16
10763,2025-11-28,West,Laptop,3,34.3
10764,2025-10-16,North,Monitor,1,103.41
10765,2025-08-03,West,Monitor,1,105.46
10766,2025-01-05,West,Laptop,1,89.52
10767,2025-12-09,South,Laptop,3,63.12
10768,2025-05-31,West,Laptop,1,59.5
10769,2025-08-17,West,Laptop,4,64.99
10770,2025-03-22,South,Laptop,1,32.28
10771,2025-12-02,North,Laptop,3,34.54
10772,2025-04-23,West,Laptop,1,40.33
10773,2025-09-09,South,Monitor,4,130.66
10774,2025-04-30,East,Laptop,2,89.14
10775,2025-07-25,East,Monitor,1,129.38
10776,2025-04-27,South,Laptop,2,109.79
10777,2025-12-03,East,Laptop,4,30.18
10778,2025-01-17,East,Headset,1,13.92
10779,2025-02-17,South,Monitor,1,47.71
10780,2025-05-20,West,Keyboard,1,112.58
10781,2025-03-18,North,Keyboard,4,130.37
10782,2025-05-10,East,Laptop,1,134.2
10783,2025-06-04,North,Monitor,1,63.91
10784,2025-03-03,East,Monitor,2,62.61
10785,2025-03-25,East,Laptop,1,34.83
10786,2025-09-21,South,Monitor,1,143.63
10787,2025-05-26,West,Laptop,1,25.59
10788,2025-07-11,West,Keyboard,4,87.01
10789,2025-08-07,South,Laptop,1,45.8
10790,2025-02-09,North,Laptop,2,226.38
10791,2025-11-16,East,Keyboard,1,149.22
10792,2025-01-20,South,Laptop,2,85.36
10793,2025-12-13,East,Laptop,1,76.75
10794,2025-06-21,West,Laptop,2,75.91
10795,2025-11-17,West,Keyboard,3,186.76
10796,2025-05-12,East,Laptop,4,26.15
10797,2025-07-12,West,Keyboard,2,65.4
10798,2025-05-05,West,Laptop,2,180.7
10799,2025-01-30,East,Laptop,1,15.15
10800,2025-08-07,North,Laptop,2,45.45
10801,2025-07-21,South,Laptop,2,28.5
10802,2025-07-18,East,Laptop,2,102.4
10803,2025-10-02,West,Monitor,2,26.05
10804,2025-10-13,South,Keyboard,4,46.32
10805,2025-03-25,West,Laptop,1,109.94
10806,2025-08-09,North,Laptop,7,22.42
10807,2025-10-11,West,Laptop,1,64.55
10808,2025-09-07,West,Laptop,1,34.64
10809,2025-02-03,North,Dock,1,38.33
10810,2025-01-04,East,Monitor,1,32.07
10811,2025-03-19,West,Laptop,2,86.38
10812,2025-02-27,West,Laptop,1,61.8
10813,2025-09-19,South,Laptop,1,27.56
10814,2025-02-19,South,Monitor,1,50.85
10815,2025-01-11,West,Laptop,1,76.09
10816,2025-10-06,West,Monitor,3,165.33
10817,2025-01-15,South,Laptop,2,86.7
10818,2025-01-27,South,Monitor,5,27.47
10819,2025-08-23,North,Laptop,1,72.69
10820,2025-11-09,West,Dock,1,87.63
10821,2025-08-07,East,Keyboard,2,296.02
10822,2025-06-03,North,Keyboard,2,62.41
10823,2025-05-17,East,Monitor,1,29.32
10824,2025-12-28,East,Monitor,2,19.67
10825,2025-10-21,West,Keyboard,1,123.73
10826,2025-05-09,North,Laptop,2,70.35
10827,2025-02-25,West,Laptop,1,45.45
10828,2025-11-20,East,Headset,1,26.49
10829,2025-12-07,East,Monitor,1,57.24
10830,2025-10-06,East,Monitor,3,73.74
10831,2025-12-14,East,Laptop,2,29.09
10832,2025-06-30,East,Laptop,2,202.04
10833,2025-05-14,South,Monitor,6,51.31
10834,2025-08-25,South,Monitor,2,107.84
10835,2025-12-24,East,Laptop,1,62.99
10836,2025-09-28,North,Keyboard,3,57.42
10837,2025-06-07,South,Laptop,3,176.2
10838,2025-12-07,South,Headset,2,66.81
10839,2025-07-03,North,Laptop,3,31.88
10840,2025-07-03,South,Laptop,2,51.48
10841,2025-03-28,South,Keyboard,2,62.22
10842,2025-04-03,West,Keyboard,1,62.65
10843,2025-04-13,North,Laptop,1,203.72
10844,2025-02-14,West,Keyboard,3,36.03
10845,2025-08-12,West,Headset,1,44.79
10846,2025-10-22,South,Laptop,2,132.51
10847,2025-06-07,West,Keyboard,2,137.32
10848,2025-02-03,West,Laptop,1,130.8
10849,2025-02-14,North,Keyboard,2,49.7
10850,2025-07-01,West,Keyboard,3,29.78
10851,2025-10-29,South,Laptop,2,38.97
10852,2025-05-22,North,Keyboard,3,54.74
10853,2025-06-30,North,Monitor,2,90.45
10854,2025-10-31,West,Laptop,1,97.03
10855,2025-04-30,East,Laptop,1,190.52
10856,2025-04-03,West,Monitor,1,59.93
10857,2025-07-27,North,Monitor,3,85.78
10858,2025-07-01,East,Laptop,3,69.77
10859,2025-08-09,North,Headset,2,73.8
10860,2025-05-25,East,Keyboard,3,105.05
10861,2025-04-09,South,Laptop,2,65.63
10862,2025-03-13,South,Keyboard,2,74.07
10863,2025-05-30,North,Headset,7,56.4
10864,2025-07-10,North,Monitor,1,47.57
10865,2025-05-27,North,Laptop,1,86.79
10866,2025-08-28,West,Monitor,2,100.59
10867,2025-12-18,East,Headset,1,78.38
10868,2025-10-27,East,Laptop,1,36.51
10869,2025-02-07,South,Keyboard,3,109.64
10870,2025-03-06,West,Laptop,1,63.08
10871,2025-03-08,East,Headset,1,47.6
10872,2025-11-07,West,Headset,5,119.02
10873,2025-04-29,North,Keyboard,1,68.36
10874,2025-09-25,West,Laptop,2,39.74
10875,2025-03-26,North,Laptop,3,66.2
10876,2025-01-24,East,Keyboard,5,99.61
10877,2025-06-19,North,Laptop,4,51.89
10878,2025-06-12,South,Laptop,2,43.85
10879,2025-03-23,South,Laptop,2,36.85
10880,2025-01-15,West,Laptop,1,114.65
10881,2025-07-04,West,Laptop,1,47.61
10882,2025-12-13,West,Keyboard,2,51.67
10883,2025-08-14,South,Dock,1,74.33
10884,2025-05-18,South,Headset,1,61.73
10885,2025-07-12,South,Laptop,1,240.38
10886,2025-11-11,East,Laptop,1,198.73
10887,2025-06-05,East,Monitor,5,27.42
10888,2025-05-16,South,Laptop,3,307.06
10889,2025-07-26,East,Dock,3,11.42
10890,2025-04-07,East,Headset,1,174.45
10891,2025-02-07,North,Laptop,1,47.78
10892,2025-04-19,West,Laptop,1,44.16
10893,2025-02-20,East,Laptop,1,28.6
10894,2025-10-08,South,Keyboard,3,33.88
10895,2025-09-17,South,Monitor,1,83.18
10896,2025-11-05,North,Monitor,2,65.81
10897,2025-11-21,North,Keyboard,1,127.58
10898,2025-12-11,West,Monitor,4,29.85
10899,2025-09-12,South,Laptop,2,24.14
10900,2025-04-27,South,Monitor,1,181.07
10901,2025-11-11,West,Laptop,1,122.22
10902,2025-05-06,North,Laptop,1,38.62
10903,2025-04-24,North,Laptop,1,159.2
10904,2025-07-03,North,Monitor,1,76.48
10905,2025-10-22,West,Monitor,3,139.54
10906,2025-03-18,North,Keyboard,1,196.64
10907,2025-09-07,North,Monitor,3,75.24
10908,2025-12-14,South,Laptop,1,51.28
10909,2025-04-29,East,Laptop,1,35.1
10910,2025-08-04,North,Laptop,1,138.08
10911,2025-04-15,East,Laptop,1,65.75
10912,2025-07-29,East,Laptop,1,33.35
10913,2025-07-17,East,Headset,1,60.39
10914,2025-09-09,East,Monitor,1,50.58
10915,2025-11-23,South,Keyboard,1,39.17
10916,2025-03-12,West,Monitor,1,24.41
10917,2025-04-27,West,Laptop,5,78.32
10918,2025-07-05,East,Laptop,1,91.7
10919,2025-10-08,East,Laptop,2,77.53
10920,2025-03-11,South,Laptop,2,104.11
10921,2025-02-04,South,Monitor,1,55.63
10922,2025-01-13,South,Laptop,1,76.62
10923,2025-01-14,East,Monitor,1,146.18
10924,2025-02-07,South,Laptop,7,76.01
10925,2025-08-28,South,Monitor,2,52.12
10926,2025-02-21,East,Monitor,4,58.37
10927,2025-02-22,West,Laptop,2,109.75
10928,2025-05-26,West,Laptop,1,75.58
10929,2025-12-27,East,Monitor,1,81.41
10930,2025-11-01,East,Laptop,2,54.44
10931,2025-11-17,West,Headset,1,67.97
10932,2025-08-21,East,Monitor,5,92.91
10933,2025-09-24,West,Laptop,2,74.13
10934,2025-08-26,West,Monitor,2,37.34
10935,2025-06-10,West,Laptop,2,24.68
10936,2025-10-12,South,Headset,3,65.14
10937,2025-10-01,West,Monitor,1,112.75
10938,2025-09-10,North,Headset,3,131.62
10939,2025-06-21,East,Laptop,2,63.41
10940,2025-08-21,South,Keyboard,2,44.33
10941,2025-02-16,West,Monitor,1,68.18
10942,2025-08-01,South,Laptop,1,13.28
10943,2025-07-31,West,Laptop,2,72.5
10944,2025-02-27,East,Laptop,1,189.24
10945,2025-06-07,South,Monitor,1,28.36
10946,2025-08-22,West,Laptop,6,115.35
10947,2025-07-20,South,Headset,1,66.53
10948,2025-06-09,East,Laptop,1,31.5
10949,2025-10-30,East,Laptop,1,82.61
10950,2025-06-18,West,Laptop,3,126.64
10951,2025-01-09,South,Monitor,1,36.88
10952,2025-07-05,South,Laptop,1,77.21
10953,2025-01-09,East,Monitor,1,24.0
10954,2025-05-31,South,Monitor,1,23.55
10955,2025-09-20,East,Monitor,1,132.69
10956,2025-10-09,North,Keyboard,1,120.04
10957,2025-10-02,East,Keyboard,4,12.13
10958,2025-10-20,West,Laptop,1,125.2
10959,2025-08-27,South,Keyboard,1,18.3
10960,2025-06-20,South,Laptop,1,31.12
10961,2025-05-15,North,Keyboard,2,26.86
10962,2025-01-23,North,Laptop,2,14.23
10963,2025-05-28,South,Monitor,1,67.86
10964,2025-05-12,North,Laptop,5,60.72
10965,2025-04-03,East,Keyboard,1,171.57
10966,2025-06-16,West,Keyboard,2,61.81
10967,2025-05-09,East,Laptop,2,90.01
10968,2025-01-01,South,Monitor,3,29.04
10969,2025-07-29,East,Laptop,3,108.65
10970,2025-02-25,South,Keyboard,2,46.17
10971,2025-04-09,North,Keyboard,1,45.73
10972,2025-04-14,East,Laptop,1,36.11
10973,2025-12-02,South,Monitor,1,75.55
10974,2025-02-14,East,Laptop,3,125.01
10975,2025-08-27,East,Monitor,1,88.67
10976,2025-02-05,West,Keyboard,3,31.31
10977,2025-03-27,East,Laptop,1,18.19
10978,2025-11-21,West,Monitor,1,34.43
10979,2025-06-14,North,Laptop,1,127.26
10980,2025-09-14,South,Monitor,6,89.72
10981,2025-09-25,East,Laptop,5,70.67
10982,2025-11-19,East,Laptop,1,98.76
10983,2025-05-22,North,Laptop,4,59.88
10984,2025-04-24,East,Monitor,5,94.37
10985,2025-03-18,West,Monitor,2,32.28
10986,2025-01-06,East,Keyboard,1,34.33
10987,2025-09-17,North,Dock,1,81.55
10988,2025-03-08,South,Laptop,1,30.58
10989,2025-05-16,South,Monitor,3,75.45
10990,2025-05-05,East,Laptop,4,70.07
10991,2025-11-11,West,Monitor,1,44.55
10992,2025-04-20,South,Laptop,5,92.07
10993,2025-08-04,East,Laptop,1,69.45
10994,2025-07-12,East,Laptop,1,29.66
10995,2025-08-13,North,Keyboard,1,69.55
10996,2025-07-01,South,Laptop,1,104.29
10997,2025-05-22,West,Laptop,2,41.55
10998,2025-10-13,South,Keyboard,2,76.31
10999,2025-12-05,North,Laptop,2,38.56
11000,2025-06-15,South,Keyboard,1,20.85
11001,2025-06-28,West,Keyboard,4,108.04
11002,2025-06-21,West,Headset,1,78.25
11003,2025-08-21,East,Laptop,1,19.86
11004,2025-05-29,North,Keyboard,2,59.93
11005,2025-06-28,South,Laptop,2,147.0
11006,2025-09-17,South,Laptop,1,47.4
11007,2025-02-13,East,Laptop,1,154.48
11008,2025-02-28,West,Laptop,1,116.42
11009,2025-10-21,East,Laptop,1,60.42
11010,2025-02-11,South,Headset,1,82.28
11011,2025-08-20,South,Laptop,2,43.52
11012,2025-05-13,West,Laptop,1,111.91
11013,2025-06-19,East,Keyboard,1,465.49
11014,2025-12-08,East,Monitor,1,52.78
11015,2025-03-07,South,Laptop,1,41.63
11016,2025-03-02,West,Monitor,2,84.72
11017,2025-12-05,South,Laptop,3,47.8
11018,2025-06-12,North,Laptop,1,177.22
11019,2025-07-15,North,Laptop,1,62.31
11020,2025-01-03,North,Laptop,1,61.54
11021,2025-07-12,North,Laptop,4,66.1
11022,2025-08-11,North,Laptop,1,99.18
11023,2025-06-30,North,Laptop,1,96.26
11024,2025-05-31,West,Keyboard,3,60.82
11025,2025-09-16,West,Laptop,1,56.37
11026,2025-02-06,South,Laptop,1,41.82
11027,2025-12-17,West,Monitor,2,101.29
11028,2025-03-30,West,Monitor,1,57.86
11029,2025-02-21,North,Laptop,2,34.53
11030,2025-01-21,East,Headset,6,168.58
11031,2025-09-16,South,Laptop,4,10.41
11032,2025-09-03,North,Headset,2,50.03
11033,2025-11-03,East,Monitor,5,74.53
11034,2025-11-09,North,Keyboard,1,61.66
11035,2025-11-16,North,Laptop,1,161.72
11036,2025-10-26,West,Laptop,1,65.3
11037,2025-12-26,North,Monitor,1,151.02
11038,2025-09-28,South,Laptop,1,41.86
11039,2025-12-26,South,Laptop,1,50.96
11040,2025-01-23,East,Laptop,3,27.81
11041,2025-12-19,South,Laptop,4,67.52
11042,2025-12-21,West,Headset,1,158.65
11043,2025-03-23,East,Laptop,2,46.72
11044,2025-06-18,East,Laptop,3,56.15
11045,2025-11-05,South,Laptop,1,51.69
11046,2025-05-11,West,Monitor,2,60.82
11047,2025-04-22,West,Laptop,1,66.67
11048,2025-05-12,North,Laptop,1,150.38
11049,2025-07-07,North,Headset,2,182.53
11050,2025-06-17,North,Monitor,2,174.52
11051,2025-06-08,South,Laptop,4,57.59
11052,2025-06-12,North,Laptop,7,79.76
11053,2025-01-14,West,Laptop,1,115.5
11054,2025-06-03,North,Laptop,1,79.09
11055,2025-05-23,South,Monitor,3,91.99
11056,2025-03-10,North,Laptop,3,16.1
11057,2025-07-11,North,Laptop,4,59.18
11058,2025-09-06,South,Monitor,1,99.91
11059,2025-03-26,North,Monitor,1,47.81
11060,2025-01-20,South,Laptop,1,32.93
11061,2025-09-04,North,Laptop,1,44.43
11062,2025-02-11,South,Monitor,3,33.62
11063,2025-01-26,East,Headset,1,38.29
11064,2025-06-21,North,Laptop,1,34.9
11065,2025-10-17,West,Keyboard,3,176.63
11066,2025-10-18,South,Monitor,1,54.12
11067,2025-02-19,North,Laptop,1,29.39
11068,2025-04-02,South,Monitor,2,21.95
11069,2025-07-17,North,Laptop,1,33.27
11070,2025-12-25,East,Keyboard,2,47.87
11071,2025-03-11,West,Monitor,3,86.94
11072,2025-08-16,North,Laptop,3,53.14
11073,2025-10-01,South,Laptop,1,34.35
11074,2025-03-03,North,Laptop,1,56.62
11075,2025-06-04,East,Laptop,2,55.42
11076,2025-06-28,South,Laptop,1,44.92
11077,2025-05-30,South,Keyboard,1,119.13
11078,2025-09-15,East,Laptop,5,41.67
11079,2025-07-18,North,Laptop,2,74.81
11080,2025-02-05,East,Laptop,1,53.92
11081,2025-02-15,East,Monitor,2,128.32
11082,2025-01-29,East,Laptop,1,20.53
11083,2025-08-22,North,Monitor,1,108.35
11084,2025-02-18,South,Monitor,1,40.99
11085,2025-09-20,East,Headset,1,56.7
11086,2025-09-09,North,Monitor,6,19.34
11087,2025-12-27,South,Keyboard,1,74.52
11088,2025-10-12,East,Monitor,1,102.87
11089,2025-01-26,South,Laptop,1,85.8
11090,2025-12-09,East,Headset,2,49.47
11091,2025-06-15,South,Laptop,2,51.44
11092,2025-05-21,East,Monitor,1,116.15
11093,2025-02-18,South,Laptop,1,45.88
11094,2025-09-19,West,Keyboard,6,56.94
11095,2025-12-10,North,Monitor,1,46.78
11096,2025-08-20,North,Monitor,2,100.15
11097,2025-05-13,West,Headset,1,88.2
11098,2025-03-14,East,Laptop,2,85.84
11099,2025-12-17,West,Laptop,1,50.24
11100,2025-08-24,South,Laptop,3,73.45
11101,2025-07-20,North,Laptop,1,71.01
11102,2025-12-24,West,Keyboard,1,38.82
11103,2025-10-11,North,Laptop,1,47.21
11104,2025-09-08,East,Dock,1,100.36
11105,2025-07-09,South,Monitor,2,32.07
11106,2025-10-18,West,Laptop,1,50.49
11107,2025-10-12,East,Laptop,2,35.24
11108,2025-07-07,East,Monitor,1,85.3
11109,2025-01-24,North,Keyboard,1,90.27
11110,2025-03-03,South,Laptop,2,29.02
11111,2025-01-26,North,Laptop,1,20.86
11112,2025-04-13,East,Headset,1,110.75
11113,2025-12-08,South,Headset,3,134.4
11114,2025-05-23,West,Monitor,1,94.95
11115,2025-12-28,South,Monitor,1,63.59
11116,2025-10-28,West,Laptop,1,38.76
11117,2025-11-29,West,Keyboard,2,103.63
11118,2025-07-15,North,Laptop,5,58.94
11119,2025-10-11,North,Laptop,2,77.54
11120,2025-06-02,North,Laptop,1,65.03
11121,2025-12-28,North,Laptop,1,73.58
11122,2025-06-18,East,Monitor,6,103.42
11123,2025-02-14,East,Laptop,1,38.68
11124,2025-01-12,North,Monitor,2,48.32
11125,2025-01-17,North,Laptop,1,92.33
11126,2025-07-12,North,Monitor,1,55.82
11127,2025-11-30,West,Monitor,2,59.52
11128,2025-06-15,South,Headset,2,132.33
11129,2025-01-17,South,Laptop,1,77.35
11130,2025-11-16,North,Headset,3,49.17
11131,2025-06-11,South,Keyboard,2,35.84
11132,2025-12-28,South,Laptop,4,29.3
11133,2025-05-16,South,Laptop,3,47.07
11134,2025-05-19,North,Laptop,1,69.03
11135,2025-06-10,West,Laptop,1,104.52
11136,2025-05-23,East,Keyboard,1,54.64
11137,2025-09-21,East,Keyboard,1,24.65
11138,2025-09-25,North,Laptop,1,48.07
11139,2025-09-06,South,Laptop,2,32.42
11140,2025-06-08,East,Laptop,1,63.09
11141,2025-05-15,North,Laptop,1,114.03
11142,2025-06-15,West,Keyboard,1,88.01
11143,2025-05-31,West,Laptop,1,85.24
11144,2025-12-14,West,Laptop,3,77.84
11145,2025-07-20,East,Keyboard,1,73.25
11146,2025-08-26,West,Laptop,3,170.58
11147,2025-05-09,South,Monitor,3,15.45
11148,2025-02-19,East,Monitor,1,42.74
11149,2025-05-09,North,Laptop,2,29.49
11150,2025-10-04,East,Monitor,4,105.96
11151,2025-10-01,South,Laptop,1,54.99
11152,2025-01-21,South,Laptop,3,70.51
11153,2025-05-14,South,Laptop,1,171.99
11154,2025-03-27,East,Laptop,3,42.75
11155,2025-05-15,South,Laptop,2,72.08
11156,2025-04-30,West,Keyboard,1,135.06
11157,2025-09-07,South,Laptop,2,47.57
11158,2025-01-13,South,Keyboard,3,32.87
11159,2025-11-19,North,Monitor,6,79.74
11160,2025-04-07,North,Headset,1,63.04
11161,2025-09-14,West,Laptop,1,10.7
11162,2025-06-12,South,Laptop,1,69.76
11163,2025-09-07,East,Monitor,2,60.21
11164,2025-07-22,South,Keyboard,1,129.19
11165,2025-04-15,South,Keyboard,1,62.04
11166,2025-11-14,North,Headset,5,26.2
11167,2025-12-11,East,Laptop,5,88.41
11168,2025-12-10,East,Laptop,2,75.26
11169,2025-03-24,West,Laptop,1,123.12
11170,2025-12-31,South,Monitor,1,72.7
11171,2025-11-20,South,Monitor,1,296.29
11172,2025-11-29,North,Monitor,6,169.12
11173,2025-05-17,North,Laptop,1,137.22
11174,2025-10-22,West,Monitor,3,46.43
11175,2025-12-22,West,Monitor,1,37.41
11176,2025-10-02,South,Laptop,2,50.43
11177,2025-10-28,West,Laptop,1,109.97
11178,2025-01-31,South,Laptop,1,129.65
11179,2025-05-11,West,Keyboard,1,57.68
11180,2025-05-17,West,Laptop,1,27.74
11181,2025-08-16,North,Laptop,7,57.66
11182,2025-09-18,North,Laptop,2,71.53
11183,2025-05-03,East,Laptop,2,141.86
11184,2025-05-16,West,Laptop,4,330.1
11185,2025-08-07,South,Laptop,1,96.67
11186,2025-07-14,North,Laptop,1,24.71
11187,2025-05-23,West,Monitor,1,51.36
11188,2025-10-19,North,Laptop,4,27.9
11189,2025-08-11,East,Monitor,2,203.88
11190,2025-08-30,West,Dock,1,103.17
11191,2025-07-23,South,Monitor,5,250.77
11192,2025-05-22,South,Monitor,4,55.59
11193,2025-06-09,West,Monitor,3,40.01
11194,2025-12-22,West,Monitor,3,107.11
11195,2025-08-04,South,Laptop,3,20.31
11196,2025-12-14,West,Laptop,1,46.1
11197,2025-12-11,West,Laptop,3,108.28
11198,2025-09-17,West,Laptop,5,75.57
11199,2025-08-30,East,Keyboard,1,260.32
11200,2025-08-14,West,Monitor,1,41.88
11201,2025-03-14,West,Laptop,4,15.69
11202,2025-03-23,East,Laptop,1,66.72
11203,2025-10-20,West,Monitor,1,264.78
11204,2025-03-15,East,Headset,3,120.49
11205,2025-07-11,West,Laptop,6,115.14
11206,2025-07-14,East,Laptop,1,63.05
11207,2025-07-31,North,Laptop,1,35.51
11208,2025-06-01,South,Laptop,3,53.49
11209,2025-02-10,North,Keyboard,2,86.61
11210,2025-05-25,North,Laptop,3,75.28
11211,2025-07-09,North,Laptop,3,36.22
11212,2025-04-08,East,Monitor,1,42.52
11213,2025-07-20,West,Laptop,2,102.99
11214,2025-05-10,North,Laptop,3,112.61
11215,2025-10-02,East,Keyboard,1,26.11
11216,2025-11-24,North,Keyboard,1,59.66
11217,2025-07-28,North,Monitor,1,117.35
11218,2025-07-03,East,Monitor,1,97.49
11219,2025-07-16,North,Laptop,1,79.6
11220,2025-05-12,South,Laptop,3,147.49
11221,2025-12-05,West,Keyboard,2,31.24
11222,2025-11-25,North,Laptop,6,73.41
11223,2025-05-29,East,Laptop,3,164.75
11224,2025-07-14,North,Laptop,1,33.34
11225,2025-05-28,East,Laptop,1,40.48
11226,2025-08-24,West,Laptop,1,88.85
11227,2025-08-28,West,Laptop,5,265.18
11228,2025-06-01,North,Laptop,1,53.31
11229,2025-12-05,South,Keyboard,3,84.39
11230,2025-01-28,South,Laptop,2,82.24
11231,2025-05-24,North,Laptop,1,46.96
11232,2025-11-20,West,Monitor,1,16.58
11233,2025-10-16,West,Laptop,4,49.28
11234,2025-03-28,South,Monitor,2,59.06
11235,2025-01-08,East,Laptop,1,94.72
11236,2025-09-20,South,Keyboard,1,73.89
11237,2025-10-28,South,Laptop,1,403.08
11238,2025-10-28,North,Monitor,2,40.27
11239,2025-06-06,South,Monitor,1,45.7
11240,2025-11-18,North,Laptop,2,45.81
11241,2025-01-01,East,Laptop,2,56.85
11242,2025-07-01,South,Laptop,1,31.78
11243,2025-04-11,West,Headset,1,73.01
11244,2025-10-16,South,Monitor,1,176.45
11245,2025-10-03,West,Laptop,1,116.72
11246,2025-04-05,East,Laptop,5,40.84
11247,2025-01-14,West,Laptop,7,75.39
11248,2025-11-28,North,Laptop,3,70.42
11249,2025-07-06,East,Laptop,1,139.8
11250,2025-05-20,North,Laptop,1,37.18
11251,2025-01-31,South,Laptop,3,62.43
11252,2025-05-03,South,Laptop,1,64.85
11253,2025-05-13,West,Dock,3,64.18
11254,2025-12-12,South,Keyboard,1,71.13
11255,2025-09-20,North,Keyboard,1,150.95
11256,2025-01-29,West,Laptop,2,44.64
11257,2025-09-13,South,Monitor,1,99.9
11258,2025-08-21,North,Headset,1,46.6
11259,2025-07-05,West,Headset,1,104.11
11260,2025-07-29,North,Laptop,1,25.07
11261,2025-12-17,North,Laptop,4,43.22
11262,2025-01-11,North,Laptop,2,142.06
11263,2025-09-13,East,Monitor,1,37.32
11264,2025-09-15,West,Laptop,2,57.55
11265,2025-06-12,South,Laptop,1,50.36
11266,2025-02-24,North,Laptop,3,60.58
11267,2025-03-13,West,Laptop,2,46.31
11268,2025-10-22,West,Laptop,4,55.44
11269,2025-08-12,North,Laptop,1,164.15
11270,2025-05-18,North,Laptop,2,62.14
11271,2025-05-16,North,Headset,4,146.48
11272,2025-02-03,North,Laptop,2,28.25
11273,2025-05-06,East,Laptop,2,153.2
11274,2025-04-16,West,Laptop,2,59.85
11275,2025-07-29,East,Monitor,3,41.62
11276,2025-09-07,North,Monitor,3,160.08
11277,2025-10-14,South,Laptop,1,113.25
11278,2025-12-20,West,Laptop,4,58.92
11279,2025-01-10,East,Laptop,2,192.14
11280,2025-11-16,West,Monitor,1,84.79
11281,2025-05-05,West,Laptop,1,61.83
11282,2025-11-03,North,Monitor,1,105.11
11283,2025-04-17,North,Laptop,1,38.73
11284,2025-07-11,West,Laptop,2,122.56
11285,2025-11-01,West,Laptop,1,30.42
11286,2025-08-10,East,Monitor,1,42.33
11287,2025-07-31,South,Laptop,4,91.56
11288,2025-05-18,West,Monitor,2,51.69
11289,2025-12-21,South,Laptop,3,21.39
11290,2025-05-01,South,Laptop,1,177.94
11291,2025-01-10,East,Laptop,1,71.29
11292,2025-03-13,West,Headset,2,119.69
11293,2025-05-26,North,Monitor,1,18.94
11294,2025-01-04,South,Laptop,3,119.84
11295,2025-08-17,South,Laptop,1,117.35
11296,2025-08-20,North,Keyboard,1,81.82
11297,2025-03-01,South,Laptop,3,145.3
11298,2025-09-13,North,Laptop,1,108.9
11299,2025-07-22,South,Headset,1,119.84
11300,2025-03-01,North,Laptop,1,82.11
11301,2025-04-25,West,Monitor,2,199.64
11302,2025-11-07,East,Monitor,1,215.89
11303,2025-01-05,West,Laptop,5,96.25
11304,2025-08-18,West,Laptop,1,51.2
11305,2025-07-21,South,Keyboard,1,76.91
11306,2025-06-24,West,Laptop,4,169.41
11307,2025-11-16,East,Laptop,3,49.85
11308,2025-08-16,West,Laptop,1,84.8
11309,2025-08-28,West,Laptop,1,136.39
11310,2025-07-19,West,Laptop,1,63.75
11311,2025-08-23,West,Laptop,1,89.17
11312,2025-04-23,North,Keyboard,1,42.22
11313,2025-03-17,South,Keyboard,1,67.49
11314,2025-11-16,East,Keyboard,2,35.07
11315,2025-01-20,North,Monitor,3,106.38
11316,2025-04-27,East,Keyboard,2,118.91
11317,2025-04-27,East,Laptop,2,50.54
11318,2025-06-25,North,Laptop,1,32.93
11319,2025-10-07,East,Laptop,1,70.94
11320,2025-02-12,North,Dock,1,69.45
11321,2025-01-23,South,Monitor,1,105.09
11322,2025-03-12,South,Laptop,5,22.68
11323,2025-03-20,West,Monitor,1,178.32
11324,2025-04-06,West,Laptop,1,37.09
11325,2025-04-23,South,Laptop,4,167.11
11326,2025-11-27,East,Monitor,3,19.15
11327,2025-12-29,South,Keyboard,4,73.54
11328,2025-09-03,West,Laptop,1,123.63
11329,2025-11-02,West,Laptop,3,83.65
11330,2025-03-21,East,Laptop,1,26.22
11331,2025-10-23,West,Laptop,1,86.39
11332,2025-11-27,East,Headset,2,65.54
11333,2025-06-14,South,Monitor,4,114.32
11334,2025-09-04,East,Laptop,1,177.77
11335,2025-08-31,North,Headset,1,25.59
11336,2025-09-17,East,Monitor,6,33.51
11337,2025-01-03,North,Laptop,1,49.94
11338,2025-11-26,South,Keyboard,1,94.59
11339,2025-05-23,North,Monitor,1,49.06
11340,2025-01-29,East,Monitor,1,91.32
11341,2025-03-16,South,Laptop,1,206.57
11342,2025-12-13,West,Headset,1,175.47
11343,2025-01-03,North,Laptop,6,102.87
11344,2025-01-22,West,Monitor,1,42.31
11345,2025-11-24,West,Laptop,5,39.57
11346,2025-09-12,East,Dock,5,52.25
11347,2025-05-08,North,Dock,1,118.99
11348,2025-02-20,West,Laptop,1,97.97
11349,2025-09-26,West,Laptop,1,101.58
11350,2025-06-21,East,Keyboard,1,120.56
11351,2025-10-15,West,Laptop,1,35.13
11352,2025-12-17,West,Laptop,2,107.81
11353,2025-06-11,North,Headset,1,71.44
11354,2025-04-27,West,Keyboard,2,50.03
11355,2025-06-30,South,Laptop,1,37.59
11356,2025-08-29,West,Laptop,1,58.4
11357,2025-09-16,South,Keyboard,2,103.16
11358,2025-02-14,South,Keyboard,2,166.77
11359,2025-01-28,West,Monitor,4,88.49
11360,2025-02-28,West,Laptop,2,97.39
11361,2025-09-02,North,Headset,2,50.16
11362,2025-07-11,South,Laptop,1,103.25
11363,2025-06-06,South,Laptop,1,24.71
11364,2025-11-21,South,Laptop,1,27.24
11365,2025-04-17,West,Laptop,1,68.73
11366,2025-01-30,North,Laptop,1,126.39
11367,2025-01-27,East,Laptop,1,103.8
11368,2025-11-30,East,Laptop,1,103.49
11369,2025-11-21,North,Laptop,1,206.23
11370,2025-07-30,North,Laptop,4,58.74
11371,2025-07-05,East,Laptop,1,46.28
11372,2025-06-30,West,Keyboard,2,23.67
11373,2025-08-28,North,Monitor,1,47.76
11374,2025-12-10,North,Laptop,1,37.83
11375,2025-02-19,West,Laptop,2,113.0
11376,2025-03-19,South,Laptop,2,63.72
11377,2025-06-25,West,Laptop,2,36.31
11378,2025-12-25,North,Laptop,2,67.5
11379,2025-12-01,East,Laptop,2,44.21
11380,2025-12-22,South,Laptop,2,45.76
11381,2025-09-22,North,Headset,1,141.89
11382,2025-03-30,East,Monitor,1,30.49
11383,2025-10-12,West,Keyboard,5,55.14
11384,2025-04-18,East,Monitor,1,41.75
11385,2025-08-17,West,Keyboard,2,53.8
11386,2025-02-21,East,Laptop,3,79.41
11387,2025-12-14,East,Monitor,1,113.04
11388,2025-02-12,North,Laptop,1,87.01
11389,2025-06-22,East,Laptop,1,60.61
11390,2025-04-17,South,Monitor,1,36.27
11391,2025-05-24,East,Laptop,1,168.95
11392,2025-07-03,West,Dock,2,20.46
11393,2025-07-27,South,Monitor,1,41.91
11394,2025-05-07,West,Laptop,2,77.05
11395,2025-12-01,East,Laptop,2,78.72
11396,2025-05-25,West,Laptop,1,40.86
11397,2025-03-13,South,Laptop,2,52.88
11398,2025-04-01,North,Laptop,1,32.47
11399,2025-01-08,West,Laptop,1,75.61
11400,2025-09-09,North,Dock,3,119.79
11401,2025-08-29,West,Monitor,1,49.53
11402,2025-09-28,West,Laptop,4,276.47
11403,2025-10-17,West,Laptop,3,104.41
11404,2025-09-10,East,Laptop,5,43.33
11405,2025-07-28,West,Laptop,1,28.17
11406,2025-07-20,South,Monitor,1,58.83
11407,2025-03-10,West,Laptop,1,12.86
11408,2025-07-25,West,Laptop,4,107.43
11409,2025-06-05,South,Laptop,2,53.93
11410,2025-03-30,East,Laptop,1,24.19
11411,2025-01-16,West,Monitor,1,91.21
11412,2025-12-26,West,Monitor,1,73.87
11413,2025-06-05,East,Laptop,2,29.19
11414,2025-01-24,East,Laptop,2,56.14
11415,2025-11-26,West,Laptop,2,50.91
11416,2025-11-20,West,Dock,3,51.05
11417,2025-11-08,South,Monitor,2,307.35
11418,2025-05-06,North,Monitor,1,231.17
11419,2025-02-17,South,Laptop,7,40.39
11420,2025-01-26,East,Laptop,1,106.46
11421,2025-11-03,South,Laptop,1,36.16
11422,2025-09-12,North,Laptop,7,82.81
11423,2025-08-24,West,Laptop,2,69.66
11424,2025-09-05,North,Headset,1,115.04
11425,2025-03-24,East,Monitor,1,94.83
11426,2025-09-12,South,Headset,1,59.99
11427,2025-11-29,West,Laptop,1,37.4
11428,2025-07-19,East,Monitor,3,50.16
11429,2025-12-26,East,Laptop,1,33.14
11430,2025-11-16,East,Headset,1,102.31
11431,2025-06-28,North,Keyboard,1,95.66
11432,2025-03-02,North,Laptop,4,38.88
11433,2025-12-01,East,Laptop,3,80.16
11434,2025-12-06,West,Laptop,2,49.23
11435,2025-07-09,South,Monitor,2,29.79
11436,2025-04-14,South,Laptop,4,209.43
11437,2025-07-06,South,Monitor,2,94.35
11438,2025-12-02,South,Laptop,1,36.14
11439,2025-05-02,East,Keyboard,1,87.48
11440,2025-05-15,North,Laptop,2,51.28
11441,2025-11-14,North,Laptop,1,19.79
11442,2025-03-03,South,Laptop,2,37.41
11443,2025-06-19,South,Monitor,1,151.52
11444,2025-01-31,North,Laptop,5,95.4
11445,2025-11-19,South,Laptop,1,34.74
11446,2025-11-09,North,Headset,2,62.22
11447,2025-03-25,North,Monitor,1,65.12
11448,2025-11-27,West,Keyboard,1,107.42
11449,2025-06-03,West,Headset,1,29.1
11450,2025-01-21,West,Laptop,1,41.42
11451,2025-07-29,East,Monitor,2,156.58
11452,2025-05-03,East,Keyboard,8,71.52
11453,2025-03-02,West,Laptop,4,49.56
11454,2025-04-18,East,Laptop,4,28.23
11455,2025-04-02,East,Keyboard,2,80.33
11456,2025-08-29,North,Laptop,1,91.77
11457,2025-03-21,East,Laptop,2,25.97
11458,2025-01-02,East,Monitor,1,88.69
11459,2025-06-26,North,Monitor,3,90.96
11460,2025-01-12,South,Laptop,2,120.46
11461,2025-04-30,North,Laptop,1,139.62
11462,2025-12-15,South,Monitor,3,70.78
11463,2025-05-24,West,Headset,4,52.45
11464,2025-05-01,North,Headset,1,81.11
11465,2025-04-30,West,Laptop,1,62.73
11466,2025-07-10,West,Laptop,1,36.76
11467,2025-11-15,South,Headset,1,22.83
11468,2025-05-01,South,Laptop,2,106.14
11469,2025-08-20,North,Laptop,1,127.06
11470,2025-05-31,North,Keyboard,3,34.71
11471,2025-05-12,East,Laptop,2,64.35
11472,2025-10-28,North,Laptop,2,26.48
11473,2025-04-16,North,Laptop,1,89.47
11474,2025-12-26,West,Monitor,4,57.02
11475,2025-09-17,West,Laptop,3,51.99
11476,2025-07-12,East,Laptop,2,54.16
11477,2025-08-08,South,Laptop,1,53.73
11478,2025-02-05,South,Laptop,3,172.19
11479,2025-10-31,West,Laptop,1,66.47
11480,2025-09-28,South,Laptop,2,29.27
11481,2025-01-19,West,Monitor,1,38.87
11482,2025-03-17,West,Laptop,1,162.03
11483,2025-09-14,South,Laptop,1,64.62
11484,2025-07-11,North,Laptop,1,251.29
11485,2025-12-05,North,Monitor,1,69.28
11486,2025-05-18,East,Monitor,3,67.62
11487,2025-09-07,West,Laptop,1,39.85
11488,2025-04-17,South,Monitor,7,45.27
11489,2025-09-19,South,Laptop,1,159.41
11490,2025-09-30,East,Laptop,1,56.76
11491,2025-09-13,West,Monitor,3,96.08
11492,2025-09-13,East,Laptop,2,60.92
11493,2025-07-19,South,Keyboard,1,61.45
11494,2025-11-06,South,Headset,5,75.64
11495,2025-11-01,South,Keyboard,1,99.38
11496,2025-08-11,South,Laptop,1,84.18
11497,2025-02-28,North,Laptop,1,27.79
11498,2025-09-11,North,Laptop,1,76.15
11499,2025-05-31,West,Laptop,1,31.0
11500,2025-04-17,West,Laptop,3,106.89
11501,2025-12-17,South,Monitor,2,35.46
11502,2025-02-13,North,Monitor,2,65.99
11503,2025-03-13,West,Headset,1,42.77
11504,2025-04-30,North,Monitor,1,123.4
11505,2025-03-01,West,Laptop,7,25.84
11506,2025-12-22,West,Headset,1,57.23
11507,2025-03-11,West,Monitor,2,90.3
11508,2025-01-14,East,Laptop,3,28.37
11509,2025-07-19,North,Laptop,3,72.21
11510,2025-07-29,East,Monitor,1,112.8
11511,2025-03-10,North,Laptop,4,31.45
11512,2025-06-29,South,Monitor,1,108.25
11513,2025-04-20,South,Laptop,5,345.86
11514,2025-11-02,West,Monitor,1,105.43
11515,2025-11-07,South,Monitor,3,74.01
11516,2025-04-03,West,Laptop,2,98.07
11517,2025-02-17,West,Laptop,1,34.27
11518,2025-08-23,South,Laptop,1,45.15
11519,2025-12-26,North,Laptop,1,43.38
11520,2025-07-26,South,Laptop,4,109.94
11521,2025-02-26,West,Monitor,2,84.55
11522,2025-02-10,East,Keyboard,5,78.74
11523,2025-08-13,East,Laptop,3,26.16
11524,2025-02-28,North,Keyboard,2,9.28
11525,2025-08-31,South,Monitor,2,33.84
11526,2025-03-25,South,Keyboard,1,41.04
11527,2025-08-17,East,Monitor,3,43.38
11528,2025-06-18,South,Keyboard,1,264.31
11529,2025-08-16,North,Laptop,2,68.68
11530,2025-03-04,South,Laptop,2,54.66
11531,2025-05-20,West,Headset,2,109.56
11532,2025-11-29,North,Laptop,1,111.95
11533,2025-05-26,South,Keyboard,2,43.93
11534,2025-09-11,North,Keyboard,1,71.59
11535,2025-05-30,South,Monitor,1,25.29
11536,2025-11-27,East,Headset,1,87.2
11537,2025-02-13,South,Laptop,1,191.04
11538,2025-03-09,North,Headset,2,71.76
11539,2025-12-09,East,Laptop,1,91.87
11540,2025-01-25,East,Laptop,1,35.77
11541,2025-05-26,North,Monitor,2,43.94
11542,2025-06-03,North,Laptop,3,34.63
11543,2025-03-21,East,Monitor,2,207.35
11544,2025-02-17,East,Laptop,5,53.18
11545,2025-06-18,South,Laptop,1,52.24
11546,2025-02-28,South,Laptop,4,57.15
11547,2025-12-12,North,Monitor,2,49.34
11548,2025-10-31,West,Laptop,1,29.45
11549,2025-03-23,West,Laptop,1,33.64
11550,2025-08-15,West,Laptop,2,20.71
11551,2025-04-17,South,Laptop,7,85.07
11552,2025-04-04,South,Laptop,1,73.9
11553,2025-07-25,East,Laptop,1,41.81
11554,2025-06-12,North,Headset,3,54.18
11555,2025-02-28,East,Monitor,1,46.97
11556,2025-03-20,North,Monitor,1,71.27
11557,2025-02-20,North,Laptop,1,172.96
11558,2025-09-29,West,Laptop,5,43.92
11559,2025-09-10,North,Laptop,1,105.18
11560,2025-01-16,South,Laptop,2,152.67
11561,2025-09-10,West,Monitor,2,82.75
11562,2025-02-07,North,Monitor,1,33.61
11563,2025-07-22,West,Laptop,1,39.47
11564,2025-08-23,North,Monitor,1,229.93
11565,2025-12-13,West,Monitor,1,63.46
11566,2025-12-17,North,Laptop,1,33.16
11567,2025-06-17,South,Monitor,3,114.73
11568,2025-05-01,North,Laptop,2,72.65
11569,2025-08-15,South,Keyboard,1,59.32
11570,2025-06-07,West,Headset,3,84.13
11571,2025-04-25,East,Laptop,1,49.8
11572,2025-04-08,North,Headset,1,229.47
11573,2025-12-14,West,Laptop,3,105.21
11574,2025-04-12,South,Keyboard,2,52.3
11575,2025-02-18,West,Laptop,1,52.11
11576,2025-05-31,West,Keyboard,1,33.61
11577,2025-06-22,East,Monitor,3,83.22
11578,2025-01-20,North,Laptop,2,33.86
11579,2025-06-28,East,Monitor,1,168.39
11580,2025-09-07,East,Monitor,1,73.71
11581,2025-04-22,North,Keyboard,3,71.38
11582,2025-04-28,East,Laptop,1,50.3
11583,2025-02-20,North,Laptop,2,125.17
11584,2025-01-28,South,Laptop,2,51.62
11585,2025-03-17,East,Dock,5,87.68
11586,2025-06-06,East,Monitor,1,159.04
11587,2025-02-11,East,Keyboard,1,26.97
11588,2025-02-05,West,Headset,1,42.7
11589,2025-05-24,East,Laptop,1,290.3
11590,2025-05-13,East,Monitor,1,51.23
11591,2025-05-13,West,Laptop,2,95.82
11592,2025-10-08,South,Laptop,5,130.05
11593,2025-12-03,North,Laptop,5,82.45
11594,2025-09-10,South,Keyboard,2,213.34
11595,2025-03-22,South,Monitor,1,209.37
11596,2025-11-09,North,Laptop,4,14.3
11597,2025-05-10,South,Laptop,2,30.99
11598,2025-07-04,West,Laptop,1,23.44
11599,2025-11-17,East,Monitor,1,39.74
11600,2025-04-29,South,Laptop,6,71.1
11601,2025-10-15,South,Laptop,1,27.83
11602,2025-05-18,South,Laptop,2,136.37
11603,2025-04-14,North,Keyboard,3,57.1
11604,2025-02-01,North,Laptop,1,137.82
11605,2025-11-07,West,Laptop,1,37.68
11606,2025-02-10,North,Monitor,2,30.44
11607,2025-03-13,West,Laptop,6,15.54
11608,2025-08-09,East,Monitor,3,45.38
11609,2025-06-15,South,Laptop,1,77.39
11610,2025-09-19,East,Keyboard,3,38.26
11611,2025-05-13,East,Laptop,2,22.79
11612,2025-04-24,East,Monitor,3,44.41
11613,2025-06-21,North,Monitor,2,51.94
11614,2025-05-25,East,Laptop,5,55.43
11615,2025-10-07,West,Laptop,1,151.78
11616,2025-11-19,South,Monitor,1,20.06
11617,2025-12-05,North,Monitor,2,91.45
11618,2025-03-31,West,Headset,1,94.95
11619,2025-11-27,South,Laptop,1,24.67
11620,2025-01-22,North,Laptop,1,69.43
11621,2025-04-30,North,Monitor,1,97.78
11622,2025-12-01,East,Monitor,1,43.44
11623,2025-06-17,East,Laptop,1,93.61
11624,2025-02-14,North,Laptop,3,54.07
11625,2025-05-03,West,Laptop,8,22.83
11626,2025-06-03,West,Monitor,1,22.11
11627,2025-12-30,North,Keyboard,1,16.23
11628,2025-10-14,West,Monitor,2,47.45
11629,2025-05-19,South,Monitor,3,35.88
11630,2025-02-18,West,Laptop,2,87.13
11631,2025-03-14,North,Monitor,1,176.22
11632,2025-01-19,East,Laptop,1,54.44
11633,2025-07-08,East,Laptop,1,181.53
11634,2025-10-15,West,Keyboard,1,100.05
11635,2025-09-17,North,Headset,6,30.56
11636,2025-12-26,North,Laptop,1,52.76
11637,2025-07-25,North,Laptop,2,59.35
11638,2025-10-20,North,Laptop,2,76.14
11639,2025-07-26,North,Laptop,4,137.36
11640,2025-04-16,North,Laptop,1,124.69
11641,2025-09-08,West,Laptop,1,81.79
11642,2025-10-09,East,Monitor,2,57.42
11643,2025-08-11,East,Laptop,1,57.18
11644,2025-04-05,South,Laptop,11,55.38
11645,2025-10-21,West,Laptop,3,44.07
11646,2025-07-01,East,Laptop,1,15.28
11647,2025-08-29,South,Laptop,8,47.27
11648,2025-11-16,North,Keyboard,1,59.78
11649,2025-05-10,East,Keyboard,7,33.39
11650,2025-12-19,South,Monitor,1,158.0
11651,2025-07-12,West,Keyboard,1,37.64
11652,2025-05-16,North,Laptop,1,26.06
11653,2025-07-29,North,Headset,1,24.85
11654,2025-12-29,East,Laptop,3,26.63
11655,2025-08-16,South,Keyboard,5,201.42
11656,2025-11-12,East,Laptop,2,114.05
11657,2025-07-10,East,Laptop,2,75.64
11658,2025-03-10,North,Monitor,1,45.57
11659,2025-04-30,North,Headset,5,72.53
11660,2025-02-13,North,Laptop,1,48.46
11661,2025-01-12,North,Laptop,8,61.66
11662,2025-08-29,East,Laptop,2,240.71
11663,2025-07-27,West,Monitor,4,66.02
11664,2025-02-17,South,Laptop,2,14.38
11665,2025-09-10,South,Laptop,3,52.84
11666,2025-11-24,West,Headset,2,85.75
11667,2025-10-09,East,Laptop,1,146.38
11668,2025-08-14,South,Monitor,1,47.37
11669,2025-06-06,North,Monitor,1,67.96
11670,2025-03-05,West,Laptop,1,76.55
11671,2025-08-05,North,Laptop,1,63.54
11672,2025-09-13,South,Laptop,1,55.87
11673,2025-01-01,West,Monitor,3,144.73
11674,2025-09-06,South,Laptop,1,7.84
11675,2025-11-28,South,Laptop,1,177.1
11676,2025-04-25,North,Monitor,2,98.33
11677,2025-12-13,East,Laptop,1,57.71
11678,2025-03-20,East,Laptop,1,130.88
11679,2025-07-20,South,Keyboard,1,24.72
11680,2025-03-13,East,Laptop,1,24.24
11681,2025-05-17,East,Dock,1,154.07
11682,2025-12-10,West,Laptop,3,72.63
11683,2025-04-04,West,Laptop,2,170.47
11684,2025-12-25,East,Laptop,1,39.87
11685,2025-09-01,North,Laptop,1,53.65
11686,2025-06-20,North,Laptop,7,35.08
11687,2025-10-08,South,Laptop,3,75.54
11688,2025-06-10,East,Headset,1,91.11
11689,2025-10-27,West,Laptop,1,186.36
11690,2025-11-06,East,Laptop,4,112.31
11691,2025-03-10,South,Keyboard,3,46.71
11692,2025-01-30,East,Laptop,2,33.74
11693,2025-09-28,North,Headset,1,54.96
11694,2025-02-16,West,Laptop,1,112.36
11695,2025-06-22,East,Monitor,2,34.52
11696,2025-10-26,West,Monitor,2,92.94
11697,2025-07-31,East,Laptop,2,28.51
11698,2025-12-20,South,Headset,2,23.57
11699,2025-10-24,North,Keyboard,1,28.18
11700,2025-07-11,East,Laptop,2,74.31
11701,2025-04-03,West,Monitor,4,53.25
11702,2025-03-22,South,Monitor,2,40.96
11703,2025-06-12,North,Laptop,1,18.47
11704,2025-03-22,West,Keyboard,1,104.15
11705,2025-04-25,South,Laptop,2,46.7
11706,2025-07-13,South,Headset,1,140.41
11707,2025-07-14,West,Laptop,4,113.98
11708,2025-05-23,West,Laptop,1,71.88
11709,2025-12-23,North,Keyboard,1,103.99
11710,2025-04-07,North,Keyboard,1,32.38
11711,2025-05-10,South,Monitor,2,32.63
11712,2025-11-17,South,Headset,2,47.42
11713,2025-08-09,West,Laptop,2,64.98
11714,2025-12-29,West,Laptop,1,60.66
11715,2025-02-04,North,Monitor,1,122.36
11716,2025-02-22,West,Monitor,3,42.97
11717,2025-11-20,South,Laptop,1,128.72
11718,2025-07-01,North,Laptop,1,47.64
11719,2025-03-22,North,Laptop,1,88.87
11720,2025-04-24,West,Monitor,1,24.52
11721,2025-12-11,South,Laptop,1,95.46
11722,2025-11-08,South,Headset,4,112.73
11723,2025-12-26,West,Laptop,4,66.78
11724,2025-05-29,East,Laptop,2,67.3
11725,2025-09-22,West,Laptop,1,40.86
11726,2025-10-24,North,Keyboard,2,218.3
11727,2025-12-14,West,Keyboard,3,76.01
11728,2025-10-17,North,Headset,2,90.07
11729,2025-09-26,North,Laptop,2,28.53
11730,2025-03-17,East,Laptop,1,133.68
11731,2025-11-12,West,Laptop,1,34.01
11732,2025-09-14,West,Laptop,2,140.67
11733,2025-04-15,West,Laptop,1,65.86
11734,2025-07-17,East,Laptop,1,64.45
11735,2025-03-26,West,Monitor,1,42.76
11736,2025-05-20,East,Monitor,1,70.9
11737,2025-01-04,East,Monitor,3,34.22
11738,2025-11-12,West,Monitor,4,31.7
11739,2025-04-22,South,Laptop,3,28.11
11740,2025-09-12,West,Laptop,1,215.83
11741,2025-05-07,East,Laptop,1,26.64
11742,2025-06-07,West,Keyboard,1,62.8
11743,2025-12-14,South,Headset,1,182.14
11744,2025-04-21,South,Laptop,1,46.98
11745,2025-01-19,East,Dock,1,238.99
11746,2025-05-31,West,Headset,3,36.71
11747,2025-04-23,South,Laptop,2,125.85
11748,2025-08-23,West,Monitor,3,57.01
11749,2025-10-28,South,Laptop,2,71.85
11750,2025-11-10,South,Laptop,2,144.1
11751,2025-09-11,South,Laptop,1,24.24
11752,2025-11-26,East,Monitor,1,102.99
11753,2025-06-15,East,Laptop,1,93.9
11754,2025-11-01,East,Monitor,4,57.27
11755,2025-02-17,West,Laptop,1,70.24
11756,2025-10-30,South,Keyboard,1,25.82
11757,2025-06-08,East,Monitor,2,28.7
11758,2025-12-01,South,Monitor,5,33.28
11759,2025-04-12,South,Keyboard,1,81.86
11760,2025-10-13,North,Monitor,2,141.32
11761,2025-08-08,North,Laptop,1,98.09
11762,2025-02-18,South,Monitor,1,75.99
11763,2025-11-27,East,Laptop,3,24.85
11764,2025-03-01,West,Laptop,1,202.44
11765,2025-07-01,North,Laptop,3,117.39
11766,2025-04-02,East,Laptop,1,29.84
11767,2025-11-13,East,Monitor,2,154.24
11768,2025-01-15,East,Laptop,2,55.01
11769,2025-04-06,East,Laptop,2,90.15
11770,2025-07-21,South,Headset,3,108.97
11771,2025-06-29,East,Keyboard,1,57.52
11772,2025-10-14,East,Headset,5,67.42
11773,2025-08-31,North,Laptop,4,12.51
11774,2025-03-16,South,Laptop,1,72.93
11775,2025-06-28,West,Laptop,1,155.74
11776,2025-11-05,East,Monitor,2,124.31
11777,2025-07-12,East,Keyboard,1,85.93
11778,2025-12-06,West,Keyboard,2,48.42
11779,2025-08-26,West,Laptop,3,66.7
11780,2025-09-06,North,Laptop,7,132.94
11781,2025-02-26,West,Dock,1,81.21
11782,2025-06-25,West,Laptop,4,160.01
11783,2025-07-12,South,Laptop,1,75.2
11784,2025-10-05,West,Laptop,1,89.42
11785,2025-12-01,West,Laptop,1,36.22
11786,2025-11-24,North,Monitor,2,70.15
11787,2025-08-25,South,Monitor,1,90.11
11788,2025-03-28,West,Laptop,1,36.49
11789,2025-11-23,North,Laptop,1,326.14
11790,2025-12-25,East,Laptop,1,70.71
11791,2025-05-30,East,Monitor,2,25.37
11792,2025-07-18,West,Monitor,2,58.51
11793,2025-04-25,North,Keyboard,2,141.75
11794,2025-11-13,South,Laptop,1,31.56
11795,2025-08-28,South,Laptop,2,108.11
11796,2025-10-07,South,Monitor,1,52.24
11797,2025-02-12,West,Keyboard,1,46.43
11798,2025-12-01,South,Laptop,1,125.94
11799,2025-07-14,East,Laptop,2,72.7
11800,2025-09-19,South,Laptop,1,39.28
11801,2025-04-21,South,Laptop,1,32.9
11802,2025-04-14,North,Monitor,1,80.67
11803,2025-10-10,East,Laptop,2,33.93
11804,2025-04-24,East,Laptop,2,43.37
11805,2025-09-06,South,Laptop,1,50.63
11806,2025-02-16,East,Laptop,2,53.11
11807,2025-09-01,East,Headset,2,30.46
11808,2025-02-12,North,Laptop,2,156.57
11809,2025-07-18,West,Monitor,1,26.44
11810,2025-03-01,West,Laptop,2,19.83
11811,2025-03-08,West,Monitor,2,54.15
11812,2025-01-25,North,Monitor,3,20.4
11813,2025-06-03,South,Monitor,1,49.65
11814,2025-07-30,East,Headset,3,127.19
11815,2025-11-27,North,Laptop,1,49.52
11816,2025-02-10,East,Laptop,2,120.29
11817,2025-04-24,North,Monitor,7,28.4
11818,2025-06-29,North,Laptop,1,27.74
11819,2025-12-29,South,Laptop,2,182.84
11820,2025-11-29,North,Laptop,1,53.73
11821,2025-04-26,East,Laptop,3,41.71
11822,2025-03-11,West,Monitor,2,91.32
11823,2025-12-08,East,Laptop,1,28.82
11824,2025-09-16,East,Monitor,1,58.79
11825,2025-11-21,North,Laptop,1,44.51
11826,2025-08-30,South,Monitor,1,66.23
11827,2025-08-21,East,Laptop,2,91.89
11828,2025-02-15,West,Laptop,2,76.73
11829,2025-08-25,North,Laptop,2,27.65
11830,2025-06-03,West,Laptop,3,41.98
11831,2025-09-09,South,Monitor,1,213.05
11832,2025-09-09,East,Laptop,1,40.19
11833,2025-01-22,West,Monitor,3,43.89
11834,2025-01-04,North,Monitor,1,40.04
11835,2025-09-28,North,Laptop,3,67.22
11836,2025-01-02,East,Keyboard,3,44.09
11837,2025-02-09,West,Laptop,2,53.32
11838,2025-02-05,North,Headset,6,102.11
11839,2025-10-22,North,Laptop,5,50.11
11840,2025-08-19,North,Monitor,6,53.12
11841,2025-12-11,East,Laptop,3,23.51
11842,2025-06-27,South,Laptop,2,160.84
11843,2025-09-12,South,Headset,5,69.82
11844,2025-04-09,West,Laptop,4,20.03
11845,2025-10-14,South,Laptop,3,42.02
11846,2025-11-04,West,Laptop,1,124.7
11847,2025-11-12,South,Laptop,2,160.21
11848,2025-04-28,North,Monitor,4,24.74
11849,2025-05-03,North,Monitor,1,58.79
11850,2025-01-04,North,Laptop,1,89.23
11851,2025-06-20,East,Laptop,1,82.51
11852,2025-04-01,East,Keyboard,5,55.19
11853,2025-11-09,North,Laptop,1,96.81
11854,2025-04-23,South,Laptop,1,24.54
11855,2025-12-08,North,Laptop,1,54.12
11856,2025-03-10,West,Monitor,1,43.95
11857,2025-12-01,East,Monitor,4,136.34
11858,2025-05-11,North,Laptop,1,27.95
11859,2025-08-22,East,Laptop,2,95.89
11860,2025-08-03,East,Monitor,1,94.54
11861,2025-07-30,North,Laptop,1,55.08
11862,2025-11-14,West,Monitor,3,101.41
11863,2025-10-07,North,Laptop,1,68.35
11864,2025-12-12,South,Monitor,2,40.41
11865,2025-01-03,East,Keyboard,1,30.18
11866,2025-12-04,South,Keyboard,1,44.21
11867,2025-09-09,North,Keyboard,2,59.27
11868,2025-05-08,West,Laptop,1,167.46
11869,2025-06-17,East,Laptop,5,73.47
11870,2025-06-26,West,Laptop,1,89.57
11871,2025-02-05,West,Laptop,2,55.9
11872,2025-09-22,South,Laptop,1,89.15
11873,2025-05-24,East,Monitor,1,31.89
11874,2025-12-09,South,Laptop,1,32.25
11875,2025-12-11,West,Monitor,1,64.21
11876,2025-02-17,West,Keyboard,1,107.51
11877,2025-02-16,West,Keyboard,2,20.16
11878,2025-07-13,North,Keyboard,1,84.81
11879,2025-06-30,West,Laptop,1,85.31
11880,2025-05-16,West,Laptop,1,250.95
11881,2025-07-24,North,Monitor,3,53.33
11882,2025-04-23,South,Laptop,4,46.43
11883,2025-10-12,South,Laptop,1,23.24
11884,2025-06-21,West,Laptop,1,54.42
11885,2025-11-09,North,Laptop,2,101.04
11886,2025-08-22,West,Laptop,3,17.45
11887,2025-07-24,West,Keyboard,2,79.41
11888,2025-09-19,South,Monitor,2,45.77
11889,2025-04-30,North,Laptop,1,53.13
11890,2025-05-19,North,Monitor,1,64.29
11891,2025-05-03,South,Monitor,2,94.42
11892,2025-03-09,North,Laptop,2,98.34
11893,2025-02-23,South,Keyboard,1,138.19
11894,2025-09-16,South,Laptop,2,57.62
11895,2025-05-06,West,Laptop,1,115.9
11896,2025-08-12,East,Keyboard,2,72.96
11897,2025-03-02,East,Monitor,3,76.28
11898,2025-11-09,West,Laptop,4,28.21
11899,2025-08-17,South,Laptop,5,68.68
11900,2025-01-27,West,Monitor,3,143.92
11901,2025-06-10,East,Laptop,4,70.28
11902,2025-12-06,South,Laptop,2,30.65
11903,2025-06-19,North,Monitor,2,10.3
11904,2025-10-23,East,Laptop,1,13.43
11905,2025-05-07,South,Laptop,1,36.59
11906,2025-02-07,South,Monitor,1,97.81
11907,2025-03-04,South,Monitor,5,61.33
11908,2025-06-18,East,Headset,2,57.02
11909,2025-12-22,North,Dock,3,84.37
11910,2025-11-28,East,Monitor,1,113.27
11911,2025-01-29,West,Laptop,1,63.03
11912,2025-07-22,West,Laptop,2,40.94
11913,2025-01-31,South,Laptop,1,52.13
11914,2025-08-29,East,Laptop,3,29.86
11915,2025-11-24,West,Keyboard,1,135.62
11916,2025-12-30,East,Keyboard,3,95.65
11917,2025-12-02,North,Laptop,2,41.33
11918,2025-02-15,West,Laptop,1,74.48
11919,2025-10-08,West,Laptop,2,97.94
11920,2025-11-23,West,Monitor,1,52.7
11921,2025-10-30,South,Monitor,1,84.03
11922,2025-06-25,North,Laptop,1,19.19
11923,2025-07-19,South,Monitor,7,62.42
11924,2025-12-30,North,Keyboard,1,44.45
11925,2025-07-21,South,Laptop,4,257.51
11926,2025-03-30,East,Monitor,2,78.36
11927,2025-06-15,North,Monitor,1,74.55
11928,2025-12-19,South,Laptop,1,95.79
11929,2025-08-07,South,Monitor,1,184.05
11930,2025-04-20,North,Laptop,1,168.96
11931,2025-12-12,North,Laptop,1,36.75
11932,2025-08-12,North,Headset,1,58.35
11933,2025-11-10,South,Monitor,7,183.75
11934,2025-06-10,North,Laptop,1,106.54
11935,2025-12-18,East,Laptop,1,64.59
11936,2025-02-27,South,Laptop,3,62.12
11937,2025-05-24,West,Monitor,3,37.67
11938,2025-05-23,South,Laptop,4,34.63
11939,2025-11-14,West,Monitor,2,53.82
11940,2025-08-19,South,Laptop,1,75.86
11941,2025-12-07,North,Keyboard,1,178.26
11942,2025-03-24,South,Keyboard,2,123.22
11943,2025-05-31,South,Monitor,1,236.02
11944,2025-06-23,South,Monitor,1,15.2
11945,2025-02-07,North,Headset,2,54.35
11946,2025-02-13,West,Laptop,4,45.49
11947,2025-11-03,East,Laptop,2,27.62
11948,2025-04-09,East,Laptop,2,66.22
11949,2025-08-04,West,Monitor,1,133.99
11950,2025-02-04,West,Keyboard,2,87.71
11951,2025-07-27,North,Laptop,3,39.55
11952,2025-02-16,West,Monitor,2,240.47
11953,2025-07-13,West,Monitor,2,139.35
11954,2025-04-21,East,Monitor,1,133.34
11955,2025-11-08,West,Laptop,1,46.64
11956,2025-12-21,East,Laptop,1,50.13
11957,2025-04-04,North,Laptop,2,26.2
11958,2025-09-24,South,Keyboard,1,49.41
11959,2025-06-27,West,Keyboard,1,55.36
11960,2025-05-25,South,Laptop,1,27.02
11961,2025-05-10,South,Laptop,3,119.79
11962,2025-06-18,North,Laptop,2,152.97
11963,2025-05-29,East,Laptop,1,85.84
11964,2025-04-04,South,Keyboard,4,28.04
11965,2025-02-22,West,Keyboard,3,97.19
11966,2025-11-24,West,Monitor,2,36.84
11967,2025-05-27,North,Laptop,1,33.3
11968,2025-08-31,West,Laptop,3,106.8
11969,2025-07-16,West,Keyboard,1,60.43
11970,2025-05-02,South,Laptop,1,40.16
11971,2025-03-01,West,Dock,2,65.59
11972,2025-07-26,South,Monitor,1,110.77
11973,2025-08-16,West,Laptop,2,30.5
11974,2025-07-16,North,Monitor,2,77.17
11975,2025-08-16,West,Laptop,1,15.35
11976,2025-11-11,South,Keyboard,3,57.1
11977,2025-03-23,West,Keyboard,3,78.2
11978,2025-10-30,South,Laptop,2,216.83
11979,2025-12-05,North,Laptop,1,33.43
11980,2025-04-03,West,Laptop,2,31.6
11981,2025-10-19,North,Laptop,1,38.63
11982,2025-11-04,West,Laptop,2,103.22
11983,2025-03-19,North,Laptop,1,88.87
11984,2025-02-05,South,Laptop,3,115.55
11985,2025-10-18,North,Keyboard,1,47.51
11986,2025-03-25,West,Laptop,2,45.04
11987,2025-12-09,East,Keyboard,6,66.34
11988,2025-11-04,North,Laptop,1,21.82
11989,2025-07-20,South,Laptop,3,43.57
11990,2025-07-29,West,Monitor,1,44.93
11991,2025-12-21,South,Keyboard,3,73.3
11992,2025-06-17,West,Dock,1,150.44
11993,2025-06-22,East,Monitor,1,61.53
11994,2025-02-15,North,Laptop,2,80.62
11995,2025-04-15,West,Laptop,1,91.9
11996,2025-10-26,North,Monitor,5,59.17
11997,2025-01-09,West,Headset,1,82.48
11998,2025-10-13,South,Monitor,2,107.15
11999,2025-01-21,West,Laptop,2,376.76
12000,2025-08-10,South,Monitor,4,66.28
12001,2025-12-28,West,Laptop,1,88.54
12002,2025-12-05,North,Headset,10,39.6
12003,2025-09-10,West,Laptop,1,24.8
12004,2025-05-11,East,Laptop,4,21.85
12005,2025-12-21,West,Laptop,1,20.64
12006,2025-05-29,West,Keyboard,1,163.02
12007,2025-10-04,South,Laptop,1,40.26
12008,2025-04-05,West,Laptop,2,65.74
12009,2025-07-19,East,Dock,1,94.45
12010,2025-10-14,East,Laptop,1,50.21
12011,2025-04-23,North,Monitor,1,32.88
12012,2025-04-20,East,Monitor,2,76.12
12013,2025-09-16,East,Laptop,4,123.68
12014,2025-06-14,South,Laptop,3,77.53
12015,2025-11-17,West,Headset,1,77.63
12016,2025-01-05,West,Laptop,2,86.38
12017,2025-03-16,West,Laptop,2,31.74
12018,2025-07-06,North,Laptop,1,33.45
12019,2025-09-29,North,Keyboard,1,71.86
12020,2025-05-29,East,Laptop,2,54.51
12021,2025-02-09,West,Monitor,1,57.38
12022,2025-10-20,East,Monitor,1,83.94
12023,2025-09-29,East,Monitor,1,57.59
12024,2025-01-24,South,Monitor,1,80.06
12025,2025-02-18,West,Keyboard,1,86.18
12026,2025-07-17,East,Monitor,3,53.9
12027,2025-03-31,West,Laptop,1,111.95
12028,2025-09-19,North,Laptop,3,65.05
12029,2025-09-29,South,Laptop,5,55.18
12030,2025-10-24,North,Laptop,1,93.74
12031,2025-10-02,West,Monitor,2,13.16
12032,2025-08-20,West,Laptop,1,37.82
12033,2025-09-27,South,Keyboard,1,95.68
12034,2025-05-08,West,Monitor,1,76.83
12035,2025-07-22,North,Laptop,1,57.72
12036,2025-07-14,North,Keyboard,1,51.94
12037,2025-03-10,East,Laptop,3,31.04
12038,2025-04-15,South,Monitor,3,75.18
12039,2025-08-01,South,Monitor,1,83.89
12040,2025-02-18,South,Monitor,1,48.22
12041,2025-12-14,West,Laptop,4,118.8
12042,2025-03-17,East,Laptop,4,50.22
12043,2025-10-15,North,Laptop,1,40.36
12044,2025-11-13,West,Laptop,2,36.14
12045,2025-11-20,East,Headset,2,72.67
12046,2025-09-03,North,Laptop,4,17.7
12047,2025-09-19,North,Headset,3,94.07
12048,2025-05-28,East,Laptop,2,40.13
12049,2025-03-15,East,Laptop,1,100.47
12050,2025-11-06,North,Laptop,3,121.02
12051,2025-03-22,South,Laptop,4,26.09
12052,2025-11-08,South,Laptop,1,121.72
12053,2025-10-24,South,Keyboard,3,57.66
12054,2025-11-07,East,Laptop,3,33.37
12055,2025-02-16,East,Laptop,2,190.69
12056,2025-08-15,West,Monitor,1,43.1
12057,2025-06-10,North,Laptop,1,154.32
12058,2025-08-22,East,Laptop,2,159.22
12059,2025-03-17,North,Monitor,1,56.0
12060,2025-12-23,North,Laptop,1,22.65
12061,2025-06-17,North,Laptop,1,45.94
12062,2025-04-28,West,Laptop,2,26.5
12063,2025-01-14,South,Laptop,2,31.99
12064,2025-03-02,South,Keyboard,1,164.74
12065,2025-01-12,South,Monitor,3,39.81
12066,2025-08-11,West,Keyboard,1,23.38
12067,2025-03-27,West,Monitor,1,57.49
12068,2025-12-27,South,Monitor,1,106.74
12069,2025-06-07,North,Keyboard,1,58.3
12070,2025-01-22,East,Laptop,1,19.56
12071,2025-11-15,South,Keyboard,2,50.8
12072,2025-12-10,West,Laptop,1,86.51
12073,2025-06-03,East,Laptop,3,20.64
12074,2025-09-30,West,Monitor,1,146.99
12075,2025-03-24,East,Laptop,1,55.56
12076,2025-07-31,West,Keyboard,1,118.81
12077,2025-10-11,North,Laptop,1,142.87
12078,2025-11-04,East,Laptop,1,107.15
12079,2025-01-08,North,Laptop,2,69.93
12080,2025-09-20,North,Laptop,2,47.49
12081,2025-10-12,North,Monitor,3,118.87
12082,2025-09-07,North,Keyboard,1,31.84
12083,2025-05-24,North,Laptop,1,60.04
12084,2025-11-25,West,Headset,2,235.51
12085,2025-06-23,South,Monitor,1,61.16
12086,2025-02-07,East,Monitor,1,63.6
12087,2025-07-01,East,Keyboard,4,58.34
12088,2025-07-21,North,Laptop,2,36.74
12089,2025-08-14,West,Keyboard,2,65.1
12090,2025-10-31,West,Laptop,1,67.21
12091,2025-05-04,West,Monitor,1,196.01
12092,2025-01-05,North,Laptop,1,81.33
12093,2025-02-18,South,Headset,5,60.71
12094,2025-04-21,South,Laptop,1,113.06
12095,2025-09-04,North,Laptop,4,47.46
12096,2025-04-23,East,Headset,1,157.54
12097,2025-11-03,South,Keyboard,2,18.06
12098,2025-11-26,West,Keyboard,4,33.88
12099,2025-03-12,West,Laptop,4,18.66
12100,2025-11-25,North,Monitor,1,54.44
12101,2025-03-10,North,Laptop,1,97.9
12102,2025-11-24,West,Laptop,4,49.34
12103,2025-02-28,East,Laptop,2,74.46
12104,2025-06-19,West,Monitor,1,40.81
12105,2025-02-01,South,Headset,2,48.21
12106,2025-10-20,West,Laptop,1,97.98
12107,2025-12-17,South,Monitor,2,109.39
12108,2025-11-19,North,Laptop,1,51.78
12109,2025-11-27,North,Laptop,1,116.67
12110,2025-02-19,North,Keyboard,1,53.56
12111,2025-04-20,West,Headset,2,12.77
12112,2025-12-12,East,Laptop,2,87.71
12113,2025-04-26,East,Laptop,3,67.3
12114,2025-08-22,West,Laptop,1,155.92
12115,2025-06-16,South,Laptop,1,124.1
12116,2025-07-28,West,Laptop,1,132.96
12117,2025-05-27,East,Keyboard,1,27.01
12118,2025-09-27,East,Monitor,5,130.61
12119,2025-03-16,West,Laptop,4,106.25
12120,2025-09-30,East,Headset,3,24.98
12121,2025-01-22,North,Monitor,6,42.77
12122,2025-08-19,North,Keyboard,3,68.27
12123,2025-11-22,West,Laptop,3,19.39
12124,2025-02-07,West,Laptop,1,70.03
12125,2025-06-30,West,Laptop,1,240.17
12126,2025-04-10,North,Monitor,1,88.52
12127,2025-09-30,East,Dock,2,237.62
12128,2025-12-22,East,Keyboard,2,39.47
12129,2025-02-11,South,Keyboard,3,54.28
12130,2025-02-15,South,Laptop,2,51.48
12131,2025-02-05,South,Laptop,2,32.56
12132,2025-08-15,West,Laptop,2,34.5
12133,2025-10-06,East,Monitor,1,19.42
12134,2025-03-25,West,Keyboard,1,78.77
12135,2025-06-19,South,Monitor,2,48.04
12136,2025-02-02,North,Monitor,1,31.79
12137,2025-09-25,North,Dock,1,36.72
12138,2025-07-17,North,Monitor,5,178.37
12139,2025-07-16,West,Laptop,1,38.51
12140,2025-02-16,West,Laptop,4,47.97
12141,2025-01-21,West,Keyboard,1,224.11
12142,2025-09-06,West,Laptop,1,62.74
12143,2025-09-27,South,Laptop,2,147.46
12144,2025-05-05,South,Monitor,5,27.98
12145,2025-01-28,North,Monitor,1,36.06
12146,2025-02-04,South,Monitor,4,121.61
12147,2025-03-07,East,Monitor,5,18.85
12148,2025-08-06,East,Keyboard,1,66.09
12149,2025-07-21,West,Monitor,1,43.3
12150,2025-11-27,South,Keyboard,1,40.53
12151,2025-04-20,North,Laptop,5,63.24
12152,2025-03-28,North,Monitor,1,42.25
12153,2025-02-05,North,Headset,1,54.04
12154,2025-01-05,East,Laptop,3,51.02
12155,2025-01-01,North,Laptop,2,72.25
12156,2025-11-11,East,Laptop,1,102.04
12157,2025-06-18,West,Laptop,4,32.91
12158,2025-11-11,South,Headset,1,30.68
12159,2025-05-21,South,Keyboard,1,82.72
12160,2025-10-13,North,Laptop,2,154.01
12161,2025-07-27,South,Monitor,2,51.32
12162,2025-10-12,East,Keyboard,1,102.18
12163,2025-11-12,North,Keyboard,1,119.69
12164,2025-05-22,East,Headset,2,52.5
12165,2025-12-05,South,Monitor,2,54.99
12166,2025-04-21,East,Laptop,1,323.31
12167,2025-07-02,East,Laptop,1,121.27
12168,2025-03-16,North,Laptop,1,46.12
12169,2025-04-06,South,Laptop,3,36.83
12170,2025-01-28,North,Laptop,1,60.95
12171,2025-01-08,East,Keyboard,2,49.02
12172,2025-04-13,West,Laptop,1,31.6
12173,2025-05-26,East,Laptop,1,103.73
12174,2025-08-09,South,Dock,2,67.2
12175,2025-12-07,West,Monitor,5,51.65
12176,2025-11-18,South,Monitor,1,96.45
12177,2025-12-21,East,Keyboard,2,46.78
12178,2025-05-22,South,Keyboard,2,89.67
12179,2025-08-25,North,Laptop,2,58.3
12180,2025-01-24,West,Headset,2,90.09
12181,2025-03-16,West,Monitor,1,43.33
12182,2025-01-26,West,Keyboard,1,112.34
12183,2025-05-15,East,Headset,1,54.5
12184,2025-05-18,North,Monitor,3,119.09
12185,2025-09-10,East,Laptop,2,32.71
12186,2025-02-10,North,Laptop,1,53.42
12187,2025-10-14,East,Laptop,4,99.25
12188,2025-09-03,South,Laptop,1,74.55
12189,2025-03-22,North,Laptop,9,108.38
12190,2025-05-22,South,Monitor,1,67.03
12191,2025-11-12,South,Laptop,3,48.64
12192,2025-07-27,West,Laptop,9,60.5
12193,2025-08-28,East,Laptop,5,60.32
12194,2025-06-19,West,Laptop,3,77.32
12195,2025-08-06,North,Laptop,2,53.93
12196,2025-08-26,North,Keyboard,2,55.95
12197,2025-08-13,East,Laptop,1,159.35
12198,2025-10-24,West,Laptop,4,135.9
12199,2025-12-23,South,Laptop,1,31.55
12200,2025-05-11,South,Headset,1,113.12
12201,2025-05-04,North,Laptop,1,123.92
12202,2025-05-01,South,Laptop,1,58.22
12203,2025-09-16,North,Monitor,3,86.59
12204,2025-06-11,West,Dock,6,81.7
12205,2025-03-12,North,Laptop,5,53.24
12206,2025-04-02,East,Laptop,1,215.54
12207,2025-12-16,West,Laptop,7,97.03
12208,2025-09-17,East,Monitor,5,95.75
12209,2025-02-09,East,Laptop,3,79.09
12210,2025-10-18,West,Laptop,1,164.45
12211,2025-11-05,East,Laptop,2,205.67
12212,2025-08-07,West,Laptop,1,80.66
12213,2025-07-03,West,Monitor,3,44.33
12214,2025-11-29,West,Headset,5,89.58
12215,2025-02-13,West,Headset,1,67.05
12216,2025-09-12,West,Laptop,1,80.85
12217,2025-12-12,West,Laptop,1,101.43
12218,2025-05-17,West,Laptop,4,173.91
12219,2025-01-04,North,Laptop,1,45.13
12220,2025-07-05,East,Keyboard,2,100.15
12221,2025-09-03,East,Headset,2,66.12
12222,2025-04-25,East,Keyboard,3,73.11
12223,2025-01-04,West,Keyboard,2,51.87
12224,2025-10-17,North,Headset,2,49.79
12225,2025-11-13,East,Laptop,1,16.23
12226,2025-04-30,East,Laptop,1,48.24
12227,2025-03-06,West,Keyboard,1,63.68
12228,2025-12-24,South,Monitor,1,62.84
12229,2025-10-30,West,Headset,3,28.36
12230,2025-07-12,South,Monitor,1,132.72
12231,2025-01-29,North,Keyboard,1,34.2
12232,2025-12-06,South,Laptop,1,71.65
12233,2025-11-05,West,Laptop,1,90.48
12234,2025-02-08,West,Laptop,1,13.94
12235,2025-02-05,South,Monitor,1,21.17
12236,2025-10-09,North,Laptop,2,114.68
12237,2025-01-23,West,Laptop,4,85.52
12238,2025-12-27,East,Monitor,1,95.23
12239,2025-03-23,West,Monitor,1,66.27
12240,2025-10-15,East,Laptop,1,139.48
12241,2025-10-06,East,Laptop,4,27.54
12242,2025-04-03,East,Monitor,1,146.16
12243,2025-09-02,North,Keyboard,1,84.75
12244,2025-05-14,West,Monitor,1,25.5
12245,2025-02-07,South,Monitor,3,26.77
12246,2025-09-03,East,Laptop,1,159.49
12247,2025-07-24,East,Monitor,6,54.9
12248,2025-09-19,North,Keyboard,4,123.44
12249,2025-04-02,West,Laptop,1,112.35
12250,2025-09-06,East,Monitor,1,32.0
12251,2025-10-22,South,Monitor,1,30.3
12252,2025-11-19,West,Laptop,6,37.94
12253,2025-07-25,West,Laptop,1,75.43
12254,2025-02-27,East,Laptop,2,37.76
12255,2025-02-10,West,Laptop,5,123.12
12256,2025-07-25,East,Dock,1,93.9
12257,2025-02-23,East,Monitor,2,15.93
12258,2025-12-07,West,Laptop,1,18.93
12259,2025-12-18,East,Laptop,1,265.24
12260,2025-11-17,South,Laptop,1,72.67
12261,2025-11-08,West,Monitor,2,32.32
12262,2025-10-11,North,Headset,2,155.76
12263,2025-12-13,East,Laptop,2,54.07
12264,2025-01-21,South,Laptop,3,42.27
12265,2025-12-17,South,Laptop,1,148.33
12266,2025-02-19,West,Monitor,1,258.27
12267,2025-03-26,South,Monitor,1,30.05
12268,2025-01-02,West,Laptop,1,100.54
12269,2025-10-09,East,Headset,1,33.74
12270,2025-06-24,South,Headset,4,122.56
12271,2025-07-18,East,Keyboard,2,30.81
12272,2025-11-06,North,Monitor,1,67.1
12273,2025-10-12,South,Laptop,2,124.82
12274,2025-01-23,East,Laptop,1,57.7
12275,2025-05-15,South,Laptop,2,21.94
12276,2025-06-26,North,Laptop,3,60.45
12277,2025-09-11,West,Laptop,4,70.32
12278,2025-07-30,West,Laptop,3,257.95
12279,2025-04-09,East,Laptop,1,99.88
12280,2025-01-07,West,Monitor,2,30.67
12281,2025-01-04,East,Laptop,2,61.01
12282,2025-05-11,East,Headset,3,107.3
12283,2025-03-07,West,Keyboard,3,86.6
12284,2025-07-13,North,Laptop,1,26.36
12285,2025-03-04,East,Headset,1,68.45
12286,2025-06-02,East,Keyboard,6,72.52
12287,2025-08-18,East,Monitor,4,136.07
12288,2025-07-06,South,Laptop,1,132.06
12289,2025-05-24,East,Monitor,2,47.26
12290,2025-12-20,West,Keyboard,3,16.41
12291,2025-07-09,South,Laptop,1,261.19
12292,2025-12-04,South,Laptop,4,69.48
12293,2025-04-26,North,Keyboard,1,55.38
12294,2025-11-08,West,Laptop,1,58.01
12295,2025-09-12,West,Laptop,5,93.72
12296,2025-08-15,South,Laptop,1,73.82
12297,2025-07-18,East,Monitor,1,105.8
12298,2025-08-02,West,Keyboard,1,63.25
12299,2025-02-01,West,Laptop,2,82.12
12300,2025-12-11,West,Monitor,2,52.46
12301,2025-03-15,South,Keyboard,1,107.79
12302,2025-08-04,West,Laptop,3,90.03
12303,2025-01-15,North,Keyboard,1,18.76
12304,2025-05-24,West,Laptop,3,41.19
12305,2025-01-15,North,Laptop,2,45.96
12306,2025-03-11,South,Laptop,1,28.35
12307,2025-03-02,West,Laptop,1,61.3
12308,2025-08-10,East,Laptop,1,22.97
12309,2025-12-15,West,Monitor,1,177.68
12310,2025-07-03,West,Laptop,1,45.12
12311,2025-12-10,South,Dock,5,117.23
12312,2025-03-28,North,Monitor,4,50.48
12313,2025-02-08,East,Laptop,5,159.84
12314,2025-09-29,South,Laptop,2,30.92
12315,2025-04-01,West,Laptop,1,40.1
12316,2025-06-19,South,Monitor,3,71.38
12317,2025-10-18,East,Laptop,1,29.46
12318,2025-03-01,East,Monitor,2,20.25
12319,2025-02-15,West,Monitor,3,91.1
12320,2025-04-22,West,Keyboard,2,195.74
12321,2025-11-05,West,Laptop,1,124.94
12322,2025-05-31,East,Laptop,2,43.93
12323,2025-10-15,North,Laptop,4,29.3
12324,2025-07-30,West,Monitor,1,25.27
12325,2025-11-16,East,Laptop,1,19.97
12326,2025-09-12,West,Laptop,1,49.53
12327,2025-02-05,East,Monitor,2,251.56
12328,2025-04-10,West,Monitor,1,140.4
12329,2025-02-01,East,Laptop,2,35.68
12330,2025-03-17,South,Monitor,2,38.01
12331,2025-01-24,West,Laptop,2,68.97
12332,2025-06-10,North,Monitor,1,60.21
12333,2025-05-20,East,Laptop,1,101.81
12334,2025-08-12,South,Headset,1,102.08
12335,2025-10-02,North,Monitor,3,35.12
12336,2025-07-02,West,Laptop,1,36.33
12337,2025-03-25,East,Laptop,2,187.78
12338,2025-05-20,South,Laptop,1,104.0
12339,2025-12-26,West,Monitor,4,127.93
12340,2025-05-31,North,Monitor,1,54.96
12341,2025-11-12,East,Keyboard,1,60.28
12342,2025-07-27,West,Laptop,1,36.59
12343,2025-06-02,North,Keyboard,1,44.24
12344,2025-07-30,South,Laptop,2,65.65
12345,2025-02-07,North,Laptop,4,70.59
12346,2025-05-07,North,Keyboard,3,33.75
12347,2025-08-23,South,Laptop,1,387.2
12348,2025-10-23,West,Monitor,1,111.91
12349,2025-11-05,West,Laptop,2,154.09
12350,2025-03-25,West,Laptop,2,63.22
12351,2025-04-24,South,Laptop,1,60.31
12352,2025-07-24,East,Headset,4,47.53
12353,2025-12-25,East,Laptop,1,102.89
12354,2025-07-11,West,Monitor,2,118.36
12355,2025-07-08,North,Keyboard,3,112.03
12356,2025-07-03,West,Monitor,2,91.69
12357,2025-01-21,North,Keyboard,1,48.03
12358,2025-02-14,West,Monitor,1,111.58
12359,2025-04-12,South,Laptop,1,109.96
12360,2025-04-13,South,Laptop,2,97.54
12361,2025-09-06,North,Laptop,1,53.76
12362,2025-06-30,West,Laptop,3,109.04
12363,2025-11-22,North,Laptop,2,52.75
12364,2025-08-25,South,Laptop,1,79.96
12365,2025-10-19,South,Laptop,3,35.04
12366,2025-03-08,North,Laptop,2,60.45
12367,2025-11-17,East,Laptop,1,75.04
12368,2025-06-13,East,Monitor,1,56.78
12369,2025-03-20,North,Laptop,2,118.36
12370,2025-01-02,South,Headset,1,87.32
12371,2025-11-18,South,Laptop,1,62.71
12372,2025-06-25,North,Monitor,2,123.55
12373,2025-03-03,East,Headset,1,59.68
12374,2025-05-24,North,Laptop,1,98.53
12375,2025-12-15,West,Monitor,2,28.12
12376,2025-09-03,East,Laptop,3,155.3
12377,2025-12-20,West,Laptop,5,61.86
12378,2025-02-18,North,Keyboard,1,38.99
12379,2025-04-07,South,Laptop,1,62.87
12380,2025-10-23,South,Monitor,1,57.62
12381,2025-07-06,East,Laptop,1,37.97
12382,2025-01-21,South,Keyboard,3,149.07
12383,2025-09-06,North,Monitor,2,82.65
12384,2025-09-18,South,Laptop,3,63.11
12385,2025-03-12,South,Laptop,2,34.68
12386,2025-05-14,South,Monitor,1,69.53
12387,2025-08-04,South,Laptop,5,50.79
12388,2025-02-15,South,Monitor,4,46.99
12389,2025-06-03,West,Laptop,2,219.07
12390,2025-04-02,North,Laptop,1,150.8
12391,2025-07-01,South,Keyboard,1,41.02
12392,2025-01-30,North,Monitor,1,312.57
12393,2025-11-28,East,Keyboard,1,123.36
12394,2025-01-20,South,Keyboard,1,33.3
12395,2025-05-05,South,Laptop,1,57.03
12396,2025-08-20,South,Monitor,1,73.67
12397,2025-11-30,South,Laptop,1,92.76
12398,2025-01-24,West,Headset,1,147.45
12399,2025-08-05,West,Laptop,2,96.82
12400,2025-01-20,South,Laptop,2,88.71
12401,2025-05-31,South,Laptop,1,47.86
12402,2025-01-08,North,Laptop,2,110.95
12403,2025-02-18,West,Laptop,5,41.03
12404,2025-03-04,West,Keyboard,4,116.97
12405,2025-10-30,South,Monitor,1,28.58
12406,2025-05-01,South,Laptop,3,46.97
12407,2025-10-12,East,Laptop,2,154.78
12408,2025-09-03,North,Monitor,2,66.66
12409,2025-10-18,North,Headset,1,40.42
12410,2025-04-19,West,Laptop,3,208.54
12411,2025-10-23,North,Laptop,1,21.48
12412,2025-01-29,West,Laptop,2,40.47
12413,2025-03-26,East,Keyboard,1,55.93
12414,2025-03-23,West,Monitor,1,59.33
12415,2025-01-30,South,Keyboard,1,136.91
12416,2025-06-17,West,Laptop,3,27.19
12417,2025-08-23,South,Laptop,1,214.64
12418,2025-10-17,East,Keyboard,1,45.56
12419,2025-04-03,West,Keyboard,6,38.74
12420,2025-06-04,North,Laptop,2,89.05
12421,2025-03-15,North,Laptop,1,24.5
12422,2025-03-15,East,Headset,2,205.96
12423,2025-03-24,East,Keyboard,1,45.52
12424,2025-04-16,South,Laptop,3,55.11
12425,2025-12-13,North,Headset,1,67.82
12426,2025-01-02,East,Keyboard,2,24.09
12427,2025-12-23,North,Headset,1,149.52
12428,2025-04-14,North,Laptop,2,79.11
12429,2025-01-07,West,Laptop,1,44.81
12430,2025-06-23,West,Laptop,2,36.15
12431,2025-12-02,East,Laptop,1,93.82
12432,2025-05-20,North,Keyboard,2,123.45
12433,2025-04-10,West,Laptop,2,40.32
12434,2025-11-03,South,Laptop,1,93.69
12435,2025-08-07,North,Monitor,1,88.6
12436,2025-03-20,South,Monitor,3,30.73
12437,2025-09-11,West,Laptop,4,67.0
12438,2025-12-18,South,Laptop,2,109.5
12439,2025-05-11,West,Laptop,1,85.69
12440,2025-05-08,West,Laptop,2,106.52
12441,2025-04-11,North,Laptop,2,74.76
12442,2025-06-12,West,Laptop,1,110.61
12443,2025-04-08,West,Keyboard,1,68.02
12444,2025-07-28,West,Laptop,1,87.42
12445,2025-05-19,North,Keyboard,2,82.98
12446,2025-11-03,West,Laptop,4,18.4
12447,2025-08-28,West,Keyboard,2,62.49
12448,2025-03-04,East,Keyboard,2,122.68
12449,2025-12-15,East,Monitor,2,29.11
12450,2025-11-25,South,Headset,1,25.17
12451,2025-01-31,East,Keyboard,1,83.39
12452,2025-06-22,South,Laptop,1,48.7
12453,2025-05-26,West,Headset,5,71.85
12454,2025-11-01,South,Keyboard,2,81.3
12455,2025-03-17,North,Laptop,2,452.05
12456,2025-11-24,North,Keyboard,1,40.56
12457,2025-09-16,East,Laptop,5,65.26
12458,2025-01-25,North,Laptop,3,33.95
12459,2025-07-21,West,Monitor,7,51.49
12460,2025-05-24,East,Keyboard,2,37.88
12461,2025-07-10,West,Laptop,5,126.23
12462,2025-04-11,South,Laptop,2,73.17
12463,2025-02-21,South,Keyboard,5,62.8
12464,2025-01-06,West,Monitor,1,81.28
12465,2025-04-04,North,Laptop,1,337.18
12466,2025-10-18,North,Monitor,12,407.22
12467,2025-01-23,South,Monitor,2,83.12
12468,2025-03-27,North,Monitor,1,143.87
12469,2025-01-12,West,Laptop,1,83.27
12470,2025-08-03,West,Laptop,1,39.66
12471,2025-02-19,South,Monitor,1,68.62
12472,2025-02-08,South,Laptop,2,97.03
12473,2025-12-18,North,Laptop,4,224.54
12474,2025-01-22,South,Laptop,1,48.99
12475,2025-12-05,East,Laptop,2,117.53
12476,2025-06-21,North,Keyboard,1,36.58
12477,2025-04-15,West,Laptop,3,61.18
12478,2025-09-24,South,Laptop,2,86.46
12479,2025-10-11,East,Headset,1,160.29
12480,2025-05-06,South,Headset,1,59.57
12481,2025-07-05,West,Keyboard,1,38.32
12482,2025-03-25,South,Laptop,3,36.08
12483,2025-11-20,North,Monitor,1,59.02
12484,2025-11-14,West,Monitor,1,32.98
12485,2025-09-10,North,Laptop,1,220.22
12486,2025-10-30,North,Laptop,1,137.18
12487,2025-10-21,East,Keyboard,2,142.82
12488,2025-06-02,West,Monitor,2,40.17
12489,2025-02-25,East,Laptop,1,30.98
12490,2025-09-11,West,Monitor,1,51.89
12491,2025-07-31,South,Keyboard,3,27.32
12492,2025-11-19,South,Laptop,1,56.31
12493,2025-12-18,North,Laptop,2,21.43
12494,2025-05-10,North,Keyboard,1,14.52
12495,2025-05-05,South,Laptop,1,105.21
12496,2025-10-10,East,Laptop,1,45.2
12497,2025-07-11,South,Keyboard,5,92.61
12498,2025-02-27,East,Monitor,2,58.73
12499,2025-03-09,West,Headset,1,48.93
12500,2025-02-16,South,Monitor,1,38.64
12501,2025-07-09,North,Keyboard,1,30.07
12502,2025-08-23,South,Laptop,2,46.28
12503,2025-06-26,West,Monitor,1,92.6
12504,2025-10-06,North,Laptop,1,41.65
12505,2025-05-04,West,Dock,1,151.11
12506,2025-02-07,North,Laptop,1,147.88
12507,2025-02-06,East,Monitor,5,98.33
12508,2025-11-05,North,Headset,3,66.84
12509,2025-07-29,South,Laptop,1,88.31
12510,2025-03-02,North,Monitor,3,59.89
12511,2025-04-20,West,Monitor,4,123.1
12512,2025-08-13,North,Keyboard,1,39.23
12513,2025-06-01,West,Laptop,3,48.61
12514,2025-11-12,North,Monitor,1,33.66
12515,2025-12-27,North,Dock,2,121.86
12516,2025-11-12,South,Laptop,2,61.13
12517,2025-10-13,East,Monitor,1,38.61
12518,2025-08-30,East,Laptop,1,45.91
12519,2025-12-25,North,Headset,1,59.79
12520,2025-04-13,South,Laptop,3,78.05
12521,2025-08-03,North,Laptop,1,66.78
12522,2025-12-13,West,Monitor,1,44.4
12523,2025-12-18,East,Laptop,2,41.24
12524,2025-09-11,West,Laptop,1,122.36
12525,2025-11-07,South,Laptop,1,69.63
12526,2025-10-16,South,Monitor,1,132.46
12527,2025-09-29,South,Laptop,1,32.1
12528,2025-03-17,West,Laptop,1,119.89
12529,2025-04-01,North,Monitor,1,105.45
12530,2025-11-08,West,Monitor,2,40.83
12531,2025-03-16,West,Monitor,1,39.9
12532,2025-12-10,East,Monitor,3,42.35
12533,2025-12-25,South,Keyboard,1,83.55
12534,2025-11-29,North,Laptop,2,61.09
12535,2025-04-11,North,Keyboard,3,35.15
12536,2025-07-27,North,Dock,2,46.46
12537,2025-09-19,East,Headset,1,104.8
12538,2025-08-18,West,Laptop,4,142.76
12539,2025-09-23,East,Laptop,2,42.11
12540,2025-04-11,West,Keyboard,1,84.15
12541,2025-10-26,South,Keyboard,1,47.59
12542,2025-04-06,West,Laptop,2,32.79
12543,2025-05-12,South,Laptop,1,62.19
12544,2025-05-07,South,Laptop,1,50.67
12545,2025-09-28,East,Headset,5,79.16
12546,2025-02-16,East,Laptop,2,79.67
12547,2025-12-16,South,Laptop,3,62.35
12548,2025-05-09,West,Laptop,1,119.78
12549,2025-07-31,North,Laptop,5,31.96
12550,2025-02-06,East,Headset,2,65.11
12551,2025-04-15,North,Laptop,2,96.09
12552,2025-01-02,North,Keyboard,1,27.88
12553,2025-01-24,South,Laptop,5,82.61
12554,2025-05-28,North,Laptop,1,68.37
12555,2025-12-03,West,Laptop,1,64.09
12556,2025-10-23,West,Headset,1,136.49
12557,2025-01-26,East,Keyboard,1,82.37
12558,2025-10-30,North,Laptop,1,53.04
12559,2025-03-24,South,Laptop,1,84.4
12560,2025-02-28,East,Monitor,4,88.54
12561,2025-02-24,East,Keyboard,3,41.89
12562,2025-11-05,West,Monitor,4,70.98
12563,2025-05-26,West,Laptop,1,55.26
12564,2025-06-30,East,Laptop,2,31.56
12565,2025-07-24,West,Laptop,2,54.19
12566,2025-03-29,North,Laptop,1,43.66
12567,2025-09-06,South,Keyboard,1,130.13
12568,2025-04-04,West,Monitor,1,129.68
12569,2025-04-01,East,Monitor,1,35.83
12570,2025-05-19,North,Laptop,1,84.54
12571,2025-12-29,West,Headset,5,65.32
12572,2025-01-13,West,Monitor,1,35.7
12573,2025-04-02,East,Keyboard,9,52.89
12574,2025-12-13,West,Laptop,1,80.71
12575,2025-12-29,East,Monitor,2,12.79
12576,2025-08-24,West,Monitor,3,99.31
12577,2025-06-23,North,Laptop,1,227.66
12578,2025-10-04,North,Keyboard,2,77.2
12579,2025-03-08,East,Monitor,1,53.51
12580,2025-06-06,North,Laptop,2,183.13
12581,2025-12-11,South,Laptop,1,25.25
12582,2025-08-12,South,Laptop,1,59.04
12583,2025-02-10,South,Headset,5,88.31
12584,2025-01-06,South,Keyboard,1,228.56
12585,2025-05-14,South,Monitor,3,289.98
12586,2025-09-29,North,Monitor,1,51.41
12587,2025-04-20,South,Laptop,1,73.79
12588,2025-02-17,South,Monitor,1,60.07
12589,2025-05-11,South,Dock,1,86.99
12590,2025-07-18,West,Headset,1,70.8
12591,2025-08-08,East,Laptop,1,41.56
12592,2025-11-25,South,Dock,1,43.76
12593,2025-07-21,West,Laptop,2,30.82
12594,2025-12-19,East,Keyboard,1,108.28
12595,2025-06-02,North,Laptop,1,77.75
12596,2025-03-31,South,Laptop,2,41.9
12597,2025-07-03,West,Laptop,1,50.64
12598,2025-01-18,West,Laptop,2,50.73
12599,2025-06-23,North,Laptop,3,29.39
12600,2025-03-18,South,Monitor,1,64.99
12601,2025-04-19,North,Laptop,5,51.18
12602,2025-08-02,North,Monitor,1,67.09
12603,2025-06-01,North,Headset,5,20.42
12604,2025-01-29,West,Keyboard,3,66.76
12605,2025-02-02,North,Monitor,1,80.35
12606,2025-02-20,East,Laptop,2,38.72
12607,2025-08-15,South,Laptop,6,24.42
12608,2025-06-26,North,Keyboard,1,33.17
12609,2025-09-17,East,Headset,4,249.45
12610,2025-06-18,South,Headset,2,33.06
12611,2025-02-03,West,Laptop,1,22.27
12612,2025-01-20,West,Keyboard,2,34.46
12613,2025-06-07,East,Monitor,1,52.94
12614,2025-06-18,North,Laptop,1,30.69
12615,2025-01-15,South,Headset,1,78.93
12616,2025-09-09,North,Keyboard,3,34.97
12617,2025-11-21,West,Laptop,1,68.91
12618,2025-04-17,South,Laptop,2,59.9
12619,2025-09-25,West,Laptop,5,135.11
12620,2025-08-29,East,Laptop,2,34.6
12621,2025-05-01,West,Keyboard,1,32.72
12622,2025-07-10,East,Laptop,1,38.51
12623,2025-02-11,East,Keyboard,1,127.65
12624,2025-08-03,East,Monitor,3,76.72
12625,2025-02-23,North,Monitor,1,55.93
12626,2025-12-14,West,Headset,1,90.84
12627,2025-01-24,North,Monitor,1,124.06
12628,2025-12-24,North,Headset,1,25.63
12629,2025-11-17,East,Laptop,2,58.91
12630,2025-03-08,West,Monitor,1,59.11
12631,2025-01-13,North,Keyboard,1,140.11
12632,2025-12-11,West,Monitor,2,98.84
12633,2025-04-05,South,Monitor,1,52.66
12634,2025-07-23,South,Headset,2,178.93
12635,2025-08-02,West,Keyboard,2,71.09
12636,2025-04-20,East,Laptop,1,61.46
12637,2025-08-17,West,Laptop,2,59.97
12638,2025-05-24,East,Laptop,1,110.39
12639,2025-10-25,West,Laptop,5,90.14
12640,2025-10-08,North,Keyboard,1,64.54
12641,2025-10-14,East,Laptop,6,67.68
12642,2025-05-16,North,Monitor,1,83.3
12643,2025-09-22,South,Laptop,1,38.49
12644,2025-04-06,East,Laptop,3,105.0
12645,2025-08-06,West,Laptop,1,32.83
12646,2025-01-16,South,Monitor,4,109.36
12647,2025-07-15,South,Laptop,2,75.77
12648,2025-01-04,South,Laptop,2,23.83
12649,2025-03-03,North,Laptop,1,58.85
12650,2025-01-05,North,Laptop,2,101.92
12651,2025-02-25,North,Laptop,5,53.01
12652,2025-06-27,South,Laptop,2,88.76
12653,2025-04-24,South,Monitor,1,84.26
12654,2025-03-08,South,Laptop,1,158.24
12655,2025-09-05,East,Monitor,3,40.57
12656,2025-03-19,West,Monitor,4,17.29
12657,2025-07-20,West,Monitor,1,43.8
12658,2025-06-26,South,Keyboard,2,73.12
12659,2025-08-14,West,Laptop,1,51.02
12660,2025-03-22,East,Keyboard,4,34.56
12661,2025-09-01,South,Laptop,2,91.29
12662,2025-02-26,South,Laptop,2,47.1
12663,2025-05-26,East,Monitor,1,60.22
12664,2025-06-26,West,Laptop,1,92.17
12665,2025-03-22,South,Laptop,2,103.33
12666,2025-07-02,West,Laptop,1,73.8
12667,2025-05-21,West,Laptop,1,160.23
12668,2025-09-12,West,Laptop,5,85.05
12669,2025-06-07,South,Keyboard,1,115.14
12670,2025-09-12,South,Monitor,1,168.06
12671,2025-01-06,East,Monitor,3,87.06
12672,2025-12-15,South,Laptop,7,119.41
12673,2025-04-17,West,Laptop,1,41.32
12674,2025-10-06,West,Keyboard,3,34.71
12675,2025-07-08,West,Keyboard,3,65.08
12676,2025-03-14,West,Laptop,1,77.61
12677,2025-07-12,West,Laptop,5,91.63
12678,2025-07-01,North,Laptop,2,58.38
12679,2025-09-26,South,Laptop,1,47.25
12680,2025-12-12,South,Laptop,1,26.02
12681,2025-07-19,South,Monitor,1,88.88
12682,2025-11-25,South,Laptop,3,37.55
12683,2025-01-04,East,Laptop,1,56.55
12684,2025-12-30,East,Keyboard,2,66.16
12685,2025-03-22,North,Laptop,2,152.09
12686,2025-05-13,West,Headset,1,75.62
12687,2025-09-17,South,Laptop,2,98.76
12688,2025-07-11,South,Monitor,4,81.4
12689,2025-04-23,South,Monitor,1,70.52
12690,2025-07-01,East,Keyboard,1,103.29
12691,2025-03-07,South,Laptop,1,40.73
12692,2025-01-17,North,Laptop,1,38.15
12693,2025-04-05,East,Monitor,1,39.7
12694,2025-03-18,North,Laptop,2,89.36
12695,2025-04-22,West,Monitor,4,35.28
12696,2025-02-19,East,Laptop,2,60.18
12697,2025-04-09,South,Keyboard,2,84.06
12698,2025-05-04,South,Laptop,2,43.44
12699,2025-07-31,West,Laptop,1,81.02
12700,2025-08-04,South,Laptop,2,63.02
12701,2025-06-18,East,Keyboard,1,43.4
12702,2025-12-27,West,Monitor,1,56.25
12703,2025-10-25,North,Laptop,1,23.71
12704,2025-11-22,South,Keyboard,4,90.89
12705,2025-09-13,West,Monitor,1,54.37
12706,2025-08-09,North,Laptop,1,115.97
12707,2025-10-22,East,Laptop,7,32.23
12708,2025-05-18,East,Laptop,1,22.44
12709,2025-02-04,South,Dock,1,176.58
12710,2025-10-25,West,Laptop,2,95.75
12711,2025-02-02,West,Monitor,3,81.12
12712,2025-10-24,East,Laptop,1,36.22
12713,2025-02-25,South,Laptop,3,20.67
12714,2025-08-30,West,Laptop,3,72.01
12715,2025-10-22,West,Monitor,3,52.07
12716,2025-04-10,East,Keyboard,1,57.86
12717,2025-07-02,East,Laptop,4,49.46
12718,2025-01-12,West,Monitor,1,153.69
12719,2025-11-03,East,Monitor,3,34.98
12720,2025-08-07,North,Laptop,2,86.87
12721,2025-05-10,North,Laptop,1,79.33
12722,2025-07-24,East,Laptop,3,34.07
12723,2025-01-16,East,Laptop,2,33.74
12724,2025-02-03,West,Laptop,5,101.59
12725,2025-02-27,East,Laptop,2,36.12
12726,2025-12-06,South,Laptop,7,62.61
12727,2025-07-07,South,Laptop,1,81.52
12728,2025-08-09,South,Laptop,1,33.88
12729,2025-01-20,South,Laptop,2,114.46
12730,2025-03-02,South,Laptop,2,46.81
12731,2025-02-26,South,Laptop,1,79.87
12732,2025-07-28,West,Headset,1,62.93
12733,2025-08-03,South,Headset,3,46.79
12734,2025-04-12,West,Keyboard,4,98.44
12735,2025-07-28,North,Keyboard,2,43.63
12736,2025-10-29,West,Monitor,1,100.93
12737,2025-01-16,South,Monitor,1,93.49
12738,2025-09-16,South,Monitor,1,34.41
12739,2025-09-10,West,Keyboard,1,94.59
12740,2025-12-27,South,Laptop,1,33.67
12741,2025-07-03,South,Keyboard,2,67.25
12742,2025-01-27,South,Headset,3,62.19
12743,2025-01-21,North,Keyboard,3,60.3
12744,2025-06-22,East,Monitor,2,195.08
12745,2025-12-19,North,Laptop,1,91.88
12746,2025-04-09,West,Monitor,3,66.6
12747,2025-02-22,North,Laptop,2,52.59
12748,2025-03-04,South,Laptop,2,36.72
12749,2025-12-16,West,Laptop,1,242.82
12750,2025-08-25,South,Headset,1,152.65
12751,2025-10-04,West,Monitor,1,53.08
12752,2025-11-15,South,Laptop,2,68.4
12753,2025-07-04,North,Keyboard,1,64.07
12754,2025-05-16,West,Laptop,1,90.35
12755,2025-08-05,South,Laptop,1,90.46
12756,2025-05-21,South,Laptop,3,112.38
12757,2025-06-12,West,Monitor,1,284.28
12758,2025-05-30,East,Laptop,2,89.75
12759,2025-07-01,West,Laptop,2,42.81
12760,2025-10-28,South,Keyboard,1,85.94
12761,2025-03-08,North,Laptop,2,88.23
12762,2025-02-21,East,Monitor,7,56.13
12763,2025-06-17,South,Laptop,4,32.83
12764,2025-10-08,East,Laptop,1,53.88
12765,2025-01-02,East,Monitor,1,94.39
12766,2025-06-10,South,Laptop,3,47.67
12767,2025-11-06,East,Headset,4,38.8
12768,2025-12-12,West,Dock,1,46.36
12769,2025-05-11,South,Monitor,1,39.33
12770,2025-07-09,North,Laptop,1,65.99
12771,2025-07-06,West,Keyboard,1,104.46
12772,2025-10-13,West,Monitor,3,57.32
12773,2025-06-23,South,Laptop,2,107.1
12774,2025-10-27,East,Laptop,2,51.56
12775,2025-06-28,West,Dock,1,31.08
12776,2025-10-08,East,Monitor,2,97.47
12777,2025-10-10,West,Laptop,1,58.67
12778,2025-07-03,East,Monitor,1,64.89
12779,2025-01-05,North,Monitor,2,177.14
12780,2025-07-14,South,Monitor,3,84.98
12781,2025-04-13,South,Laptop,1,18.16
12782,2025-11-26,West,Monitor,1,195.68
12783,2025-05-01,East,Headset,2,229.13
12784,2025-10-28,North,Laptop,1,151.85
12785,2025-12-09,East,Monitor,3,47.77
12786,2025-04-02,South,Keyboard,2,44.27
12787,2025-04-21,North,Laptop,1,54.65
12788,2025-12-08,North,Monitor,2,20.67
12789,2025-06-19,East,Monitor,1,93.86
12790,2025-11-26,East,Monitor,1,41.97
12791,2025-10-17,North,Laptop,1,129.25
12792,2025-01-12,West,Laptop,1,174.34
12793,2025-07-02,West,Monitor,2,32.15
12794,2025-11-29,North,Laptop,1,43.63
12795,2025-05-16,North,Laptop,2,69.12
12796,2025-05-29,South,Laptop,5,69.32
12797,2025-03-21,West,Keyboard,1,49.67
12798,2025-04-27,East,Laptop,1,99.84
12799,2025-10-04,West,Keyboard,6,168.66
12800,2025-01-11,North,Monitor,1,128.63
12801,2025-03-15,South,Laptop,1,86.07
12802,2025-11-04,South,Monitor,1,104.61
12803,2025-12-08,North,Monitor,1,146.22
12804,2025-09-03,West,Monitor,1,46.99
12805,2025-02-25,North,Monitor,1,73.5
12806,2025-09-10,East,Laptop,1,172.52
12807,2025-05-23,East,Laptop,5,48.0
12808,2025-01-20,East,Monitor,1,54.04
12809,2025-09-29,East,Monitor,4,113.98
12810,2025-12-13,West,Monitor,1,66.03
12811,2025-04-10,East,Keyboard,1,268.73
12812,2025-07-02,North,Monitor,1,62.56
12813,2025-05-03,East,Laptop,1,198.32
12814,2025-02-17,East,Laptop,1,89.94
12815,2025-01-03,East,Dock,2,75.58
12816,2025-05-14,West,Dock,2,90.21
12817,2025-06-08,South,Keyboard,1,78.56
12818,2025-02-06,East,Monitor,3,57.32
12819,2025-01-06,South,Monitor,2,92.47
12820,2025-04-22,North,Laptop,2,90.68
12821,2025-07-09,North,Laptop,2,32.55
12822,2025-03-28,West,Monitor,2,71.88
12823,2025-04-03,East,Monitor,5,59.93
12824,2025-02-17,West,Keyboard,2,96.35
12825,2025-09-17,West,Laptop,9,66.62
12826,2025-07-03,East,Laptop,1,60.86
12827,2025-01-26,North,Keyboard,1,20.58
12828,2025-02-14,East,Monitor,1,109.68
12829,2025-05-08,West,Keyboard,2,17.52
12830,2025-04-08,East,Laptop,1,29.95
12831,2025-08-08,West,Monitor,1,35.75
12832,2025-03-24,West,Headset,3,73.0
12833,2025-02-27,North,Monitor,1,12.61
12834,2025-05-16,South,Laptop,2,54.28
12835,2025-07-31,East,Laptop,1,107.72
12836,2025-09-24,South,Monitor,3,148.33
12837,2025-03-11,North,Monitor,9,52.02
12838,2025-11-12,East,Laptop,1,65.53
12839,2025-05-03,West,Laptop,2,13.95
12840,2025-10-15,West,Monitor,2,53.08
12841,2025-11-24,South,Laptop,1,155.39
12842,2025-02-27,North,Laptop,1,86.83
12843,2025-03-20,East,Monitor,1,46.58
12844,2025-01-25,South,Headset,9,61.57
12845,2025-07-15,West,Laptop,4,59.53
12846,2025-05-20,North,Keyboard,5,99.72
12847,2025-03-06,West,Monitor,3,222.58
12848,2025-05-18,South,Monitor,2,87.14
12849,2025-03-28,North,Keyboard,1,98.39
12850,2025-11-11,East,Laptop,1,56.96
12851,2025-12-21,West,Monitor,5,86.86
12852,2025-10-30,South,Laptop,2,27.18
12853,2025-03-24,West,Laptop,1,137.39
12854,2025-09-12,East,Keyboard,4,155.04
12855,2025-10-13,South,Laptop,1,39.7
12856,2025-09-04,North,Headset,1,56.92
12857,2025-10-15,North,Laptop,1,43.63
12858,2025-01-26,South,Laptop,1,55.97
12859,2025-01-07,North,Keyboard,2,84.9
12860,2025-08-07,South,Headset,1,40.5
12861,2025-11-18,South,Laptop,1,69.41
12862,2025-04-14,West,Headset,1,32.43
12863,2025-03-25,South,Monitor,1,271.21
12864,2025-05-24,West,Laptop,3,13.97
12865,2025-06-21,West,Monitor,4,27.43
12866,2025-02-17,West,Monitor,1,64.46
12867,2025-02-14,West,Laptop,1,74.18
12868,2025-07-20,North,Headset,1,113.24
12869,2025-09-01,East,Monitor,2,70.58
12870,2025-01-19,East,Laptop,1,38.72
12871,2025-08-23,North,Dock,1,79.79
12872,2025-11-27,West,Laptop,1,77.59
12873,2025-03-25,North,Headset,2,103.81
12874,2025-10-14,North,Monitor,3,134.21
12875,2025-03-22,East,Laptop,2,346.61
12876,2025-02-20,South,Laptop,6,26.3
12877,2025-06-20,South,Laptop,3,110.61
12878,2025-10-27,West,Monitor,4,79.4
12879,2025-11-04,West,Monitor,1,82.52
12880,2025-05-24,South,Monitor,1,94.86
12881,2025-10-13,North,Laptop,1,73.16
12882,2025-11-20,North,Laptop,2,431.96
12883,2025-11-11,North,Dock,1,49.33
12884,2025-02-07,North,Monitor,1,77.03
12885,2025-07-11,North,Laptop,2,18.66
12886,2025-04-21,South,Laptop,2,108.34
12887,2025-10-24,South,Monitor,3,71.82
12888,2025-08-14,South,Laptop,1,98.3
12889,2025-08-12,West,Laptop,3,93.86
12890,2025-04-11,South,Monitor,2,30.25
12891,2025-02-12,North,Keyboard,1,93.65
12892,2025-07-30,South,Monitor,1,52.22
12893,2025-07-17,West,Laptop,2,327.63
12894,2025-01-31,North,Laptop,1,51.76
12895,2025-10-07,East,Laptop,2,118.95
12896,2025-12-11,East,Laptop,3,103.53
12897,2025-05-06,South,Keyboard,2,96.0
12898,2025-09-09,South,Monitor,2,95.08
12899,2025-01-23,North,Laptop,11,85.46
12900,2025-04-19,South,Monitor,1,284.24
12901,2025-12-11,East,Keyboard,1,65.43
12902,2025-07-03,East,Keyboard,1,18.99
12903,2025-04-03,West,Headset,1,103.49
12904,2025-10-12,South,Monitor,1,54.96
12905,2025-01-10,South,Monitor,2,53.1
12906,2025-12-17,East,Monitor,3,71.46
12907,2025-09-10,North,Laptop,1,34.63
12908,2025-10-14,South,Keyboard,3,65.77
12909,2025-02-11,South,Monitor,2,46.36
12910,2025-02-15,South,Monitor,1,48.01
12911,2025-02-16,North,Monitor,1,67.14
12912,2025-01-09,East,Dock,3,30.98
12913,2025-02-05,North,Laptop,4,14.68
12914,2025-11-14,East,Laptop,4,79.78
12915,2025-01-07,West,Laptop,6,28.13
12916,2025-09-29,North,Laptop,1,57.23
12917,2025-12-20,East,Dock,1,42.78
12918,2025-05-04,East,Keyboard,3,75.81
12919,2025-03-18,West,Laptop,1,39.15
12920,2025-12-31,North,Laptop,2,48.34
12921,2025-08-21,South,Monitor,2,207.56
12922,2025-10-12,North,Keyboard,2,105.15
12923,2025-04-13,North,Keyboard,1,31.25
12924,2025-05-27,South,Laptop,1,108.66
12925,2025-05-17,East,Monitor,2,23.81
12926,2025-01-14,West,Laptop,3,50.75
12927,2025-04-15,South,Monitor,4,21.89
12928,2025-02-10,East,Laptop,1,172.06
12929,2025-05-28,South,Keyboard,2,86.46
12930,2025-09-27,North,Headset,2,214.39
12931,2025-03-24,North,Monitor,2,78.06
12932,2025-10-31,North,Laptop,1,75.04
12933,2025-03-13,North,Laptop,1,60.34
12934,2025-08-31,North,Monitor,2,54.32
12935,2025-07-13,West,Laptop,1,76.42
12936,2025-06-22,North,Monitor,1,47.64
12937,2025-09-26,South,Laptop,1,121.6
12938,2025-03-03,South,Monitor,1,64.51
12939,2025-05-22,West,Headset,6,75.49
12940,2025-12-21,North,Keyboard,4,66.55
12941,2025-12-27,East,Laptop,1,53.04
12942,2025-12-18,East,Monitor,1,95.48
12943,2025-11-15,North,Monitor,3,47.03
12944,2025-07-08,North,Keyboard,1,128.74
12945,2025-08-25,North,Laptop,1,34.61
12946,2025-05-20,North,Laptop,8,79.55
12947,2025-07-14,North,Laptop,1,78.84
12948,2025-01-14,West,Laptop,1,53.63
12949,2025-10-01,North,Keyboard,2,39.28
12950,2025-04-10,South,Laptop,1,83.84
12951,2025-09-12,West,Laptop,2,56.16
12952,2025-10-20,East,Monitor,2,21.15
12953,2025-01-17,North,Laptop,2,45.19
12954,2025-12-25,South,Keyboard,2,28.33
12955,2025-01-08,East,Laptop,1,69.98
12956,2025-09-03,South,Monitor,1,147.33
12957,2025-05-08,East,Monitor,1,68.97
12958,2025-07-24,West,Monitor,1,176.59
12959,2025-06-06,South,Laptop,5,98.56
12960,2025-06-02,South,Laptop,2,95.34
12961,2025-02-01,South,Laptop,1,60.6
12962,2025-12-27,North,Monitor,1,48.79
12963,2025-11-18,West,Headset,1,145.63
12964,2025-12-06,West,Laptop,2,89.1
12965,2025-03-21,West,Laptop,1,21.23
12966,2025-04-09,South,Keyboard,1,42.38
12967,2025-06-19,North,Monitor,1,63.73
12968,2025-05-26,West,Keyboard,3,118.07
12969,2025-06-30,North,Laptop,2,99.79
12970,2025-08-09,East,Headset,1,59.06
12971,2025-02-21,West,Laptop,1,123.0
12972,2025-02-23,North,Headset,4,24.2
12973,2025-09-03,East,Keyboard,5,42.79
12974,2025-04-22,West,Headset,1,42.45
12975,2025-12-10,West,Laptop,1,46.18
12976,2025-05-29,South,Laptop,1,43.08
12977,2025-08-11,East,Monitor,2,38.49
12978,2025-01-20,East,Laptop,4,85.97
12979,2025-10-27,West,Laptop,2,12.89
12980,2025-07-24,East,Dock,4,198.26
12981,2025-08-08,West,Laptop,2,104.34
12982,2025-01-06,East,Laptop,1,54.73
12983,2025-06-04,South,Laptop,1,38.75
12984,2025-11-16,East,Keyboard,1,71.5
12985,2025-07-03,South,Laptop,2,122.1
12986,2025-09-18,West,Keyboard,1,84.94
12987,2025-05-07,East,Monitor,1,68.36
12988,2025-03-09,East,Laptop,2,50.11
12989,2025-01-10,North,Keyboard,1,53.28
12990,2025-07-03,West,Laptop,4,53.46
12991,2025-02-26,North,Monitor,1,44.79
12992,2025-07-30,East,Monitor,1,71.13
12993,2025-02-24,North,Laptop,1,150.4
12994,2025-11-05,East,Monitor,2,52.3
12995,2025-01-13,West,Laptop,1,48.83
12996,2025-12-24,South,Headset,3,36.88
12997,2025-05-08,West,Laptop,3,81.2
12998,2025-03-02,North,Keyboard,1,84.98
12999,2025-10-16,West,Headset,2,37.22
13000,2025-03-28,East,Monitor,4,100.92
13001,2025-12-07,West,Headset,2,33.7
13002,2025-05-15,West,Laptop,2,24.32
13003,2025-10-17,North,Keyboard,1,102.05
13004,2025-01-10,East,Laptop,1,93.61
13005,2025-10-17,North,Keyboard,4,35.75
13006,2025-10-21,South,Monitor,2,37.98
13007,2025-09-21,South,Keyboard,4,75.54
13008,2025-01-06,North,Laptop,2,86.72
13009,2025-09-25,North,Laptop,2,42.74
13010,2025-05-27,East,Monitor,1,79.73
13011,2025-10-19,East,Keyboard,4,23.83
13012,2025-10-18,East,Laptop,1,190.44
13013,2025-07-20,West,Keyboard,3,116.55
13014,2025-06-25,South,Headset,1,114.57
13015,2025-05-10,West,Laptop,5,22.3
13016,2025-02-04,East,Headset,2,63.83
13017,2025-05-10,West,Laptop,1,65.72
13018,2025-11-18,North,Laptop,1,131.34
13019,2025-08-25,South,Laptop,1,72.11
13020,2025-12-27,East,Laptop,1,91.09
13021,2025-03-22,West,Laptop,1,140.01
13022,2025-05-20,North,Keyboard,1,44.11
13023,2025-06-19,North,Laptop,5,63.07
13024,2025-12-22,East,Laptop,4,76.33
13025,2025-10-29,East,Monitor,1,52.47
13026,2025-01-23,West,Monitor,2,108.36
13027,2025-05-22,East,Headset,1,37.12
13028,2025-08-27,West,Headset,1,64.29
13029,2025-08-19,West,Laptop,4,108.94
13030,2025-05-04,South,Laptop,1,93.74
13031,2025-05-12,East,Laptop,1,60.23
13032,2025-08-16,West,Laptop,1,83.32
13033,2025-04-23,North,Laptop,1,90.26
13034,2025-11-06,East,Laptop,1,21.3
13035,2025-02-27,West,Dock,5,33.42
13036,2025-12-29,South,Headset,1,32.26
13037,2025-06-05,North,Laptop,3,57.67
13038,2025-05-26,North,Laptop,3,87.6
13039,2025-07-19,West,Laptop,2,107.45
13040,2025-07-03,South,Laptop,1,44.57
13041,2025-02-17,North,Laptop,1,157.34
13042,2025-05-10,West,Keyboard,2,103.17
13043,2025-10-01,South,Monitor,4,85.94
13044,2025-01-27,East,Monitor,1,65.91
13045,2025-02-03,North,Laptop,1,56.64
13046,2025-12-04,West,Laptop,3,30.64
13047,2025-05-27,North,Laptop,4,99.07
13048,2025-11-26,East,Laptop,2,135.62
13049,2025-05-07,North,Monitor,1,41.87
13050,2025-04-19,South,Laptop,1,22.83
13051,2025-02-09,North,Headset,1,136.19
13052,2025-07-29,East,Laptop,2,23.34
13053,2025-12-23,South,Monitor,1,127.95
13054,2025-12-12,South,Laptop,1,119.7
13055,2025-07-22,West,Monitor,6,268.04
13056,2025-11-04,East,Laptop,1,60.7
13057,2025-09-25,West,Laptop,3,192.06
13058,2025-05-08,North,Laptop,1,52.29
13059,2025-04-11,North,Laptop,1,86.72
13060,2025-09-04,South,Headset,2,78.33
13061,2025-07-11,West,Monitor,1,107.79
13062,2025-05-28,West,Monitor,3,85.54
13063,2025-04-18,East,Laptop,1,66.31
13064,2025-11-20,East,Monitor,1,50.76
13065,2025-12-06,West,Headset,3,18.35
13066,2025-07-05,East,Keyboard,1,41.41
13067,2025-06-09,North,Keyboard,1,23.7
13068,2025-07-09,West,Laptop,2,33.79
13069,2025-12-25,North,Laptop,1,77.65
13070,2025-06-08,East,Laptop,2,150.31
13071,2025-09-08,South,Laptop,1,75.11
13072,2025-11-14,East,Keyboard,3,74.32
13073,2025-03-05,West,Laptop,1,40.29
13074,2025-05-05,East,Laptop,1,89.49
13075,2025-09-14,North,Laptop,3,21.67
13076,2025-01-28,North,Laptop,3,58.84
13077,2025-08-03,East,Monitor,1,36.69
13078,2025-09-18,South,Monitor,5,106.63
13079,2025-06-01,East,Monitor,3,60.76
13080,2025-08-28,South,Laptop,1,32.83
13081,2025-08-10,North,Keyboard,1,93.76
13082,2025-02-05,West,Dock,2,132.07
13083,2025-04-16,North,Laptop,2,74.48
13084,2025-12-07,South,Monitor,1,78.63
13085,2025-02-26,East,Monitor,2,75.19
13086,2025-08-26,West,Headset,1,46.5
13087,2025-03-06,East,Laptop,4,63.57
13088,2025-04-25,North,Laptop,2,68.58
13089,2025-09-22,West,Laptop,2,36.33
13090,2025-07-29,East,Laptop,3,107.91
13091,2025-08-27,South,Laptop,2,115.91
13092,2025-04-30,West,Headset,3,43.11
13093,2025-09-02,South,Headset,2,64.24
13094,2025-05-14,East,Laptop,1,16.79
13095,2025-08-20,South,Monitor,7,34.6
13096,2025-10-24,West,Keyboard,3,66.97
13097,2025-09-19,South,Keyboard,2,19.35
13098,2025-06-08,South,Monitor,1,84.54
13099,2025-09-30,West,Laptop,1,85.27
13100,2025-06-07,South,Monitor,6,46.53
13101,2025-03-14,South,Keyboard,1,172.51
13102,2025-10-10,East,Laptop,5,33.05
13103,2025-10-20,West,Monitor,1,76.78
13104,2025-06-19,West,Laptop,2,26.68
13105,2025-11-22,East,Monitor,5,60.7
13106,2025-03-30,East,Laptop,2,66.12
13107,2025-08-17,South,Laptop,1,71.06
13108,2025-05-06,North,Laptop,1,124.73
13109,2025-11-01,East,Laptop,2,45.4
13110,2025-12-02,East,Laptop,2,32.28
13111,2025-05-25,South,Laptop,1,58.26
13112,2025-07-07,East,Laptop,1,36.75
13113,2025-05-21,South,Keyboard,2,88.5
13114,2025-04-03,West,Laptop,1,64.22
13115,2025-12-14,West,Laptop,2,63.49
13116,2025-07-23,North,Headset,2,197.3
13117,2025-06-14,South,Headset,3,60.27
13118,2025-12-25,North,Monitor,2,24.13
13119,2025-07-22,South,Keyboard,1,65.68
13120,2025-11-28,East,Monitor,2,68.49
13121,2025-01-13,East,Laptop,2,48.26
13122,2025-11-07,West,Laptop,1,38.07
13123,2025-12-04,East,Laptop,4,55.55
13124,2025-01-18,East,Laptop,1,90.32
13125,2025-02-21,East,Monitor,1,61.62
13126,2025-08-24,North,Laptop,3,115.05
13127,2025-07-13,South,Laptop,3,77.04
13128,2025-05-16,North,Laptop,1,17.36
13129,2025-02-05,East,Laptop,2,82.58
13130,2025-12-24,West,Laptop,1,438.2
13131,2025-11-23,East,Keyboard,1,144.17
13132,2025-07-12,West,Laptop,1,39.58
13133,2025-11-10,North,Laptop,1,34.79
13134,2025-05-14,West,Monitor,1,48.22
13135,2025-11-13,East,Monitor,2,87.99
13136,2025-10-21,East,Keyboard,1,186.04
13137,2025-08-14,East,Laptop,2,50.29
13138,2025-11-30,South,Headset,1,110.89
13139,2025-01-23,South,Headset,2,129.7
13140,2025-09-30,South,Monitor,2,70.34
13141,2025-04-24,South,Keyboard,1,94.59
13142,2025-02-02,North,Keyboard,5,43.56
13143,2025-02-20,West,Headset,1,215.34
13144,2025-11-13,North,Headset,1,44.38
13145,2025-03-24,East,Keyboard,2,65.83
13146,2025-02-08,North,Monitor,3,40.35
13147,2025-06-26,North,Monitor,1,42.48
13148,2025-06-30,South,Laptop,1,71.65
13149,2025-11-20,North,Laptop,2,76.49
13150,2025-08-08,North,Laptop,2,157.62
13151,2025-10-08,West,Laptop,3,30.89
13152,2025-07-30,South,Laptop,1,126.82
13153,2025-07-09,West,Laptop,1,40.11
13154,2025-08-18,East,Headset,3,51.52
13155,2025-11-23,North,Laptop,3,139.07
13156,2025-09-11,North,Laptop,1,32.66
13157,2025-12-05,West,Keyboard,2,58.36
13158,2025-01-30,South,Laptop,3,51.56
13159,2025-09-06,West,Laptop,2,33.53
13160,2025-07-28,South,Dock,2,119.89
13161,2025-11-01,West,Laptop,1,161.11
13162,2025-12-25,East,Headset,1,152.57
13163,2025-08-16,South,Headset,2,71.64
13164,2025-06-18,South,Laptop,1,161.67
13165,2025-12-09,North,Laptop,1,48.88
13166,2025-10-03,North,Monitor,2,107.6
13167,2025-01-30,South,Laptop,1,84.73
13168,2025-08-17,South,Monitor,2,248.14
13169,2025-04-01,North,Laptop,1,46.05
13170,2025-06-02,North,Headset,1,24.78
13171,2025-08-12,West,Laptop,2,59.75
13172,2025-02-13,West,Laptop,1,58.33
13173,2025-02-28,West,Monitor,1,53.04
13174,2025-05-20,North,Monitor,1,22.13
13175,2025-05-23,East,Laptop,5,56.54
13176,2025-02-01,South,Laptop,1,17.09
13177,2025-02-08,West,Headset,1,109.01
13178,2025-09-30,West,Keyboard,1,47.59
13179,2025-11-07,North,Laptop,2,56.6
13180,2025-05-01,West,Keyboard,1,53.54
13181,2025-11-18,East,Laptop,3,97.27
13182,2025-05-09,West,Keyboard,1,31.0
13183,2025-03-31,North,Laptop,2,129.77
13184,2025-03-09,South,Laptop,2,86.03
13185,2025-01-26,South,Laptop,1,18.44
13186,2025-02-07,South,Laptop,2,143.35
13187,2025-07-24,North,Laptop,2,28.77
13188,2025-09-09,South,Monitor,1,32.62
13189,2025-04-13,South,Keyboard,2,111.44
13190,2025-12-29,South,Monitor,1,19.43
13191,2025-03-02,West,Laptop,1,167.37
13192,2025-07-19,West,Laptop,1,28.89
13193,2025-01-07,East,Monitor,2,26.28
13194,2025-12-03,North,Laptop,3,47.63
13195,2025-03-24,North,Laptop,2,122.73
13196,2025-03-04,West,Monitor,1,39.12
13197,2025-04-30,South,Laptop,1,62.34
13198,2025-03-20,West,Laptop,1,42.05
13199,2025-12-30,West,Laptop,3,297.22
13200,2025-05-21,North,Laptop,1,30.97
13201,2025-05-28,East,Monitor,1,77.2
13202,2025-11-06,West,Laptop,3,130.73
13203,2025-10-13,East,Laptop,1,76.26
13204,2025-05-05,North,Laptop,1,41.82
13205,2025-04-15,North,Laptop,3,48.36
13206,2025-12-25,West,Laptop,3,420.63
13207,2025-05-09,North,Keyboard,2,34.98
13208,2025-04-01,North,Laptop,4,85.8
13209,2025-07-10,South,Laptop,6,74.75
13210,2025-07-12,North,Laptop,7,36.75
13211,2025-06-19,West,Monitor,1,142.98
13212,2025-07-11,South,Monitor,5,258.33
13213,2025-07-02,East,Monitor,3,61.32
13214,2025-12-11,East,Monitor,1,71.55
13215,2025-06-20,East,Laptop,1,37.85
13216,2025-12-04,East,Laptop,1,179.62
13217,2025-08-02,East,Laptop,2,88.23
13218,2025-10-20,North,Keyboard,3,17.01
13219,2025-03-12,North,Keyboard,1,56.05
13220,2025-10-31,North,Monitor,1,61.38
13221,2025-02-19,South,Laptop,3,72.85
13222,2025-10-03,North,Monitor,4,20.66
13223,2025-01-05,North,Keyboard,1,90.92
13224,2025-02-08,North,Monitor,2,37.96
13225,2025-02-03,West,Laptop,2,104.31
13226,2025-12-25,West,Laptop,3,69.62
13227,2025-05-14,North,Laptop,1,84.98
13228,2025-08-09,South,Keyboard,2,127.43
13229,2025-01-16,East,Laptop,6,58.3
13230,2025-02-22,North,Laptop,1,82.51
13231,2025-09-30,East,Keyboard,5,52.38
13232,2025-11-18,East,Laptop,1,84.29
13233,2025-08-03,South,Monitor,5,51.67
13234,2025-11-03,East,Monitor,1,32.1
13235,2025-10-06,South,Keyboard,3,157.48
13236,2025-09-13,South,Laptop,1,98.37
13237,2025-06-18,South,Keyboard,2,29.31
13238,2025-06-13,South,Laptop,9,76.58
13239,2025-11-19,West,Laptop,1,73.83
13240,2025-03-28,South,Laptop,1,129.8
13241,2025-01-09,East,Monitor,3,63.3
13242,2025-11-21,East,Headset,1,27.9
13243,2025-12-14,South,Monitor,3,133.01
13244,2025-10-22,North,Keyboard,1,28.75
13245,2025-01-25,East,Laptop,4,79.28
13246,2025-09-30,North,Laptop,6,51.08
13247,2025-11-14,North,Monitor,2,45.33
13248,2025-10-08,North,Monitor,1,93.56
13249,2025-10-08,West,Keyboard,2,63.36
13250,2025-09-24,South,Monitor,1,106.18
13251,2025-01-06,South,Laptop,2,206.94
13252,2025-06-10,North,Headset,1,73.57
13253,2025-04-22,North,Keyboard,1,136.27
13254,2025-07-30,South,Headset,4,55.05
13255,2025-05-18,South,Monitor,1,37.48
13256,2025-07-23,East,Laptop,2,45.4
13257,2025-11-17,East,Laptop,4,31.05
13258,2025-10-29,North,Laptop,1,143.93
13259,2025-12-30,North,Monitor,6,36.86
13260,2025-08-12,West,Keyboard,1,71.22
13261,2025-08-20,North,Monitor,1,66.04
13262,2025-04-27,East,Monitor,1,78.75
13263,2025-07-22,West,Headset,2,63.4
13264,2025-05-27,North,Laptop,2,51.99
13265,2025-03-26,South,Keyboard,2,57.39
13266,2025-12-22,East,Monitor,3,110.51
13267,2025-02-27,East,Monitor,5,22.13
13268,2025-10-14,South,Laptop,3,57.13
13269,2025-11-07,South,Laptop,2,70.58
13270,2025-06-17,East,Laptop,3,59.99
13271,2025-11-13,North,Monitor,1,123.11
13272,2025-10-25,East,Laptop,6,122.62
13273,2025-10-08,West,Monitor,2,119.34
13274,2025-12-27,North,Dock,1,83.28
13275,2025-01-25,West,Keyboard,2,73.21
13276,2025-04-11,North,Laptop,3,43.8
13277,2025-02-10,North,Monitor,1,124.63
13278,2025-01-24,East,Laptop,2,131.17
13279,2025-03-06,West,Laptop,1,102.86
13280,2025-06-16,West,Laptop,2,43.81
13281,2025-05-25,East,Monitor,4,75.6
13282,2025-04-06,East,Laptop,1,146.11
13283,2025-11-18,East,Laptop,1,235.12
13284,2025-02-20,West,Laptop,1,145.63
13285,2025-05-04,North,Laptop,1,17.34
13286,2025-04-19,South,Monitor,4,149.37
13287,2025-11-12,South,Dock,1,63.7
13288,2025-04-13,West,Monitor,1,7.6
13289,2025-06-06,East,Laptop,1,131.25
13290,2025-01-18,South,Headset,3,79.49
13291,2025-10-31,South,Laptop,2,35.93
13292,2025-11-19,North,Laptop,1,104.88
13293,2025-12-03,South,Laptop,3,91.28
13294,2025-05-30,North,Laptop,3,54.26
13295,2025-06-27,South,Laptop,1,28.14
13296,2025-09-24,East,Monitor,1,93.33
13297,2025-04-12,South,Headset,1,101.69
13298,2025-07-18,North,Laptop,1,113.63
13299,2025-05-27,West,Monitor,2,81.23
13300,2025-09-28,North,Keyboard,1,26.89
13301,2025-06-06,West,Monitor,2,101.11
13302,2025-11-18,West,Laptop,5,44.81
13303,2025-11-15,South,Keyboard,1,149.2
13304,2025-11-15,East,Monitor,1,46.53
13305,2025-06-09,East,Laptop,2,105.96
13306,2025-05-27,South,Monitor,4,65.65
13307,2025-03-28,North,Laptop,1,49.26
13308,2025-10-07,East,Laptop,1,81.16
13309,2025-10-20,North,Laptop,1,58.97
13310,2025-04-04,South,Monitor,3,127.72
13311,2025-09-29,West,Keyboard,1,82.06
13312,2025-01-28,East,Monitor,4,35.64
13313,2025-01-29,South,Keyboard,1,61.91
13314,2025-07-18,North,Monitor,1,28.67
13315,2025-06-15,West,Laptop,2,95.88
13316,2025-03-26,South,Headset,1,146.82
13317,2025-04-12,North,Laptop,2,344.68
13318,2025-08-06,West,Laptop,1,114.08
13319,2025-10-31,West,Keyboard,1,39.64
13320,2025-09-26,West,Laptop,2,136.64
13321,2025-05-01,North,Laptop,3,105.57
13322,2025-09-12,West,Laptop,1,92.08
13323,2025-03-06,North,Laptop,2,36.47
13324,2025-12-01,East,Laptop,1,79.23
13325,2025-08-30,West,Monitor,2,88.75
13326,2025-09-19,East,Monitor,1,17.98
13327,2025-05-25,West,Keyboard,3,57.87
13328,2025-12-14,North,Laptop,4,60.18
13329,2025-05-08,North,Monitor,4,80.79
13330,2025-04-01,North,Laptop,2,41.92
13331,2025-01-20,South,Laptop,10,86.54
13332,2025-06-28,South,Monitor,1,75.15
13333,2025-03-05,South,Laptop,2,79.66
13334,2025-09-06,South,Laptop,1,118.1
13335,2025-04-21,West,Laptop,2,43.29
13336,2025-12-30,East,Monitor,1,66.29
13337,2025-01-18,East,Laptop,1,101.79
13338,2025-09-24,West,Keyboard,3,26.23
13339,2025-03-13,West,Keyboard,5,71.04
13340,2025-02-22,West,Monitor,1,74.6
13341,2025-07-08,South,Monitor,2,239.67
13342,2025-07-23,East,Keyboard,2,107.36
13343,2025-08-31,East,Laptop,1,80.32
13344,2025-12-07,South,Headset,5,166.62
13345,2025-10-25,East,Laptop,1,54.06
13346,2025-05-06,South,Monitor,1,173.52
13347,2025-11-27,East,Laptop,2,71.42
13348,2025-07-12,East,Keyboard,2,35.31
13349,2025-09-09,East,Laptop,1,40.44
13350,2025-04-03,North,Keyboard,1,152.08
13351,2025-03-10,North,Headset,2,113.92
13352,2025-11-23,East,Monitor,10,37.3
13353,2025-08-31,North,Monitor,2,83.08
13354,2025-04-28,North,Headset,1,97.78
13355,2025-05-25,South,Laptop,2,52.27
13356,2025-10-07,West,Laptop,4,68.19
13357,2025-09-03,West,Monitor,1,69.96
13358,2025-02-27,South,Laptop,1,21.35
13359,2025-01-06,East,Laptop,2,193.94
13360,2025-03-27,South,Monitor,5,81.42
13361,2025-09-08,North,Monitor,2,124.47
13362,2025-04-30,South,Monitor,2,160.36
13363,2025-04-23,East,Laptop,1,81.26
13364,2025-07-03,North,Keyboard,1,135.85
13365,2025-04-22,South,Laptop,1,127.86
13366,2025-01-03,East,Laptop,1,82.26
13367,2025-09-02,West,Headset,4,22.24
13368,2025-07-10,West,Laptop,1,88.68
13369,2025-05-22,South,Monitor,1,92.23
13370,2025-01-22,North,Laptop,3,154.49
13371,2025-11-02,West,Monitor,1,59.75
13372,2025-12-10,West,Laptop,2,107.58
13373,2025-09-19,South,Laptop,1,49.91
13374,2025-04-25,South,Laptop,1,67.49
13375,2025-10-16,South,Laptop,1,64.26
13376,2025-08-04,East,Laptop,2,62.39
13377,2025-02-19,North,Keyboard,1,41.69
13378,2025-03-13,East,Monitor,1,66.43
13379,2025-10-06,South,Laptop,4,217.63
13380,2025-09-25,East,Headset,1,54.76
13381,2025-07-05,South,Headset,2,70.79
13382,2025-06-04,South,Laptop,4,62.26
13383,2025-01-20,North,Laptop,4,42.05
13384,2025-11-19,West,Laptop,2,85.6
13385,2025-05-03,East,Monitor,1,60.19
13386,2025-07-26,East,Laptop,1,49.54
13387,2025-04-21,East,Headset,3,84.52
13388,2025-09-05,West,Laptop,1,104.05
13389,2025-01-07,West,Dock,1,48.97
13390,2025-12-08,South,Laptop,1,37.13
13391,2025-07-20,South,Headset,5,44.94
13392,2025-04-08,South,Headset,1,110.49
13393,2025-03-27,North,Laptop,2,342.65
13394,2025-12-22,West,Laptop,2,102.45
13395,2025-02-13,North,Keyboard,2,51.13
13396,2025-01-28,West,Monitor,2,80.77
13397,2025-05-23,South,Keyboard,3,57.22
13398,2025-04-18,North,Keyboard,1,116.54
13399,2025-11-28,West,Monitor,2,59.35
13400,2025-11-18,East,Keyboard,2,112.25
13401,2025-04-06,East,Laptop,3,63.87
13402,2025-03-14,East,Keyboard,4,107.47
13403,2025-03-18,East,Laptop,1,25.15
13404,2025-09-17,South,Laptop,1,47.8
13405,2025-04-21,South,Headset,3,109.1
13406,2025-05-22,East,Monitor,1,70.72
13407,2025-08-18,East,Laptop,2,51.75
13408,2025-04-18,South,Keyboard,3,109.72
13409,2025-07-11,North,Keyboard,1,65.79
13410,2025-09-25,North,Laptop,2,114.84
13411,2025-03-21,East,Laptop,1,51.69
13412,2025-05-23,South,Laptop,3,14.31
13413,2025-11-16,North,Keyboard,1,24.08
13414,2025-10-28,East,Laptop,3,72.17
13415,2025-06-08,North,Keyboard,3,65.79
13416,2025-08-04,South,Keyboard,2,129.86
13417,2025-12-28,East,Keyboard,1,65.67
13418,2025-04-10,North,Laptop,2,94.16
13419,2025-12-14,West,Monitor,2,19.05
13420,2025-07-26,North,Keyboard,2,44.55
13421,2025-12-17,North,Monitor,3,108.4
13422,2025-06-18,South,Laptop,2,50.72
13423,2025-05-02,East,Laptop,3,51.22
13424,2025-07-19,North,Laptop,1,82.8
13425,2025-05-14,North,Laptop,1,55.84
13426,2025-07-20,South,Monitor,1,83.72
13427,2025-12-26,West,Laptop,2,47.51
13428,2025-09-21,East,Monitor,2,59.83
13429,2025-03-28,East,Laptop,1,34.0
13430,2025-02-21,East,Laptop,2,29.79
13431,2025-10-05,West,Dock,4,98.58
13432,2025-12-21,South,Keyboard,1,88.95
13433,2025-04-11,East,Laptop,1,94.42
13434,2025-03-02,West,Laptop,3,59.9
13435,2025-09-22,North,Laptop,2,31.95
13436,2025-08-31,West,Monitor,1,93.85
13437,2025-10-31,North,Laptop,2,58.44
13438,2025-01-05,East,Keyboard,1,105.91
13439,2025-08-16,East,Laptop,4,75.26
13440,2025-11-25,West,Headset,1,29.49
13441,2025-07-26,West,Monitor,3,73.13
13442,2025-05-10,West,Laptop,2,89.66
13443,2025-11-09,East,Laptop,1,124.14
13444,2025-05-25,North,Keyboard,1,91.76
13445,2025-03-11,East,Laptop,2,69.02
13446,2025-02-14,North,Monitor,5,71.12
13447,2025-11-05,West,Monitor,3,30.92
13448,2025-02-08,North,Keyboard,3,73.66
13449,2025-08-03,South,Laptop,1,101.47
13450,2025-10-18,North,Monitor,1,109.15
13451,2025-02-21,North,Monitor,4,126.04
13452,2025-04-16,West,Laptop,2,186.01
13453,2025-07-11,West,Monitor,1,58.23
13454,2025-12-30,East,Keyboard,2,254.32
13455,2025-05-16,North,Laptop,1,42.97
13456,2025-05-31,South,Headset,3,28.95
13457,2025-10-13,East,Monitor,4,123.07
13458,2025-06-18,West,Keyboard,1,61.22
13459,2025-11-25,East,Laptop,1,75.44
13460,2025-07-27,North,Keyboard,2,26.52
13461,2025-10-04,West,Laptop,1,117.17
13462,2025-08-08,South,Laptop,1,34.09
13463,2025-10-13,East,Monitor,1,37.77
13464,2025-12-13,East,Monitor,2,70.06
13465,2025-12-14,North,Laptop,1,54.36
13466,2025-08-24,South,Dock,2,163.36
13467,2025-11-19,West,Laptop,1,46.21
13468,2025-05-17,West,Laptop,3,90.41
13469,2025-09-23,South,Laptop,1,30.91
13470,2025-06-29,East,Laptop,4,74.1
13471,2025-03-18,West,Laptop,5,68.69
13472,2025-05-23,East,Keyboard,2,27.18
13473,2025-11-07,North,Laptop,1,91.23
13474,2025-12-24,South,Laptop,3,62.54
13475,2025-06-19,North,Laptop,1,162.75
13476,2025-06-18,North,Monitor,2,62.41
13477,2025-03-24,South,Laptop,2,176.0
13478,2025-04-26,South,Laptop,1,47.26
13479,2025-02-09,South,Monitor,1,127.24
13480,2025-01-07,North,Laptop,2,49.94
13481,2025-08-02,West,Laptop,1,39.5
13482,2025-06-21,South,Laptop,1,129.66
13483,2025-02-02,North,Keyboard,2,221.64
13484,2025-08-22,West,Monitor,2,115.25
13485,2025-12-02,East,Monitor,1,85.57
13486,2025-01-04,North,Keyboard,1,44.71
13487,2025-07-20,West,Laptop,4,38.54
13488,2025-11-09,North,Monitor,1,95.05
13489,2025-10-11,West,Laptop,3,117.41
13490,2025-11-02,North,Laptop,1,93.61
13491,2025-03-29,West,Dock,1,38.68
13492,2025-05-08,North,Laptop,1,167.27
13493,2025-12-25,North,Dock,2,114.04
13494,2025-03-01,East,Monitor,4,256.62
13495,2025-11-10,West,Laptop,1,39.99
13496,2025-08-22,North,Monitor,2,46.81
13497,2025-10-10,West,Laptop,2,26.58
13498,2025-12-21,South,Monitor,1,91.09
13499,2025-11-03,North,Monitor,1,48.63
13500,2025-02-27,East,Laptop,1,45.33
13501,2025-08-07,West,Laptop,1,62.91
13502,2025-03-29,North,Laptop,1,52.54
13503,2025-03-14,North,Laptop,1,54.73
13504,2025-08-03,East,Laptop,1,167.59
13505,2025-04-06,South,Keyboard,5,68.3
13506,2025-05-16,West,Laptop,4,54.41
13507,2025-01-08,West,Laptop,6,211.79
13508,2025-08-16,West,Headset,5,104.21
13509,2025-10-21,North,Laptop,2,230.13
13510,2025-03-29,West,Laptop,3,34.15
13511,2025-02-21,South,Laptop,3,45.65
13512,2025-09-21,West,Monitor,2,17.55
13513,2025-07-03,East,Monitor,1,58.16
13514,2025-04-26,South,Headset,3,58.97
13515,2025-03-18,North,Laptop,2,150.14
13516,2025-03-09,North,Laptop,1,36.47
13517,2025-07-27,South,Laptop,1,29.39
13518,2025-11-27,North,Laptop,1,33.56
13519,2025-08-29,South,Laptop,3,154.14
13520,2025-07-08,South,Laptop,1,62.33
13521,2025-03-13,South,Laptop,4,70.06
13522,2025-03-23,South,Laptop,1,91.03
13523,2025-01-29,East,Laptop,1,104.4
13524,2025-05-06,South,Headset,1,61.96
13525,2025-11-25,East,Monitor,1,88.45
13526,2025-06-30,North,Laptop,1,83.71
13527,2025-11-28,West,Keyboard,3,40.14
13528,2025-01-06,East,Keyboard,2,145.61
13529,2025-09-21,East,Laptop,1,73.33
13530,2025-06-29,North,Laptop,1,72.89
13531,2025-12-30,West,Headset,2,71.62
13532,2025-10-01,West,Laptop,2,41.63
13533,2025-09-13,South,Laptop,2,46.26
13534,2025-07-16,South,Laptop,1,57.98
13535,2025-09-09,West,Monitor,1,45.74
13536,2025-12-16,South,Laptop,2,38.28
13537,2025-01-11,West,Headset,1,61.06
13538,2025-01-16,East,Keyboard,2,111.78
13539,2025-03-25,West,Keyboard,2,36.46
13540,2025-12-24,North,Headset,2,39.89
13541,2025-10-10,West,Laptop,3,183.81
13542,2025-08-31,South,Monitor,11,59.43
13543,2025-08-12,South,Laptop,1,59.13
13544,2025-08-06,North,Monitor,1,68.38
13545,2025-09-28,South,Monitor,1,92.68
13546,2025-06-14,East,Laptop,1,180.11
13547,2025-12-21,West,Keyboard,2,66.75
13548,2025-11-30,North,Laptop,1,81.66
13549,2025-06-19,West,Laptop,1,33.97
13550,2025-05-06,South,Laptop,3,55.6
13551,2025-09-18,South,Laptop,1,138.96
13552,2025-01-17,North,Dock,1,100.24
13553,2025-10-05,East,Laptop,2,132.41
13554,2025-03-03,West,Monitor,2,262.82
13555,2025-01-23,North,Headset,6,100.89
13556,2025-06-11,West,Monitor,1,174.95
13557,2025-09-20,South,Laptop,1,81.11
13558,2025-02-18,North,Laptop,1,79.4
13559,2025-09-04,West,Monitor,1,66.8
13560,2025-05-30,North,Monitor,7,34.23
13561,2025-06-16,East,Monitor,1,111.18
13562,2025-05-21,West,Monitor,9,171.33
13563,2025-07-17,East,Keyboard,1,62.69
13564,2025-01-15,South,Monitor,1,111.82
13565,2025-01-29,South,Laptop,2,111.93
13566,2025-11-07,West,Laptop,2,36.48
13567,2025-03-10,South,Keyboard,3,83.6
13568,2025-07-07,East,Monitor,1,51.0
13569,2025-03-20,West,Monitor,1,51.86
13570,2025-07-19,South,Headset,1,114.48
13571,2025-07-23,East,Monitor,2,49.23
13572,2025-01-10,West,Monitor,1,86.89
13573,2025-11-22,North,Laptop,1,56.71
13574,2025-08-29,North,Laptop,4,53.13
13575,2025-09-01,West,Monitor,7,43.2
13576,2025-05-25,East,Laptop,3,150.81
13577,2025-09-26,North,Keyboard,2,66.03
13578,2025-09-28,North,Laptop,2,35.26
13579,2025-04-12,West,Monitor,2,81.62
13580,2025-08-31,East,Laptop,1,116.76
13581,2025-05-06,North,Monitor,2,89.47
13582,2025-09-17,South,Laptop,2,43.99
13583,2025-01-26,North,Laptop,2,176.95
13584,2025-01-06,North,Headset,1,42.07
13585,2025-03-10,East,Monitor,1,24.31
13586,2025-07-13,East,Laptop,2,118.09
13587,2025-06-19,East,Laptop,2,39.67
13588,2025-05-11,South,Laptop,6,61.63
13589,2025-11-23,North,Laptop,4,41.4
13590,2025-04-02,West,Monitor,1,112.43
13591,2025-09-27,North,Headset,1,57.94
13592,2025-01-26,South,Laptop,6,79.34
13593,2025-09-12,North,Laptop,1,20.63
13594,2025-11-02,East,Headset,2,93.1
13595,2025-10-30,South,Laptop,3,132.09
13596,2025-01-05,East,Laptop,3,32.11
13597,2025-08-31,North,Headset,2,131.34
13598,2025-11-27,South,Laptop,1,17.2
13599,2025-07-29,North,Monitor,1,70.51
13600,2025-02-21,West,Laptop,2,50.69
13601,2025-10-14,West,Monitor,1,49.1
13602,2025-12-04,South,Headset,1,83.19
13603,2025-01-28,North,Laptop,2,66.97
13604,2025-09-19,East,Laptop,1,109.55
13605,2025-12-28,South,Keyboard,2,67.22
13606,2025-11-26,North,Laptop,9,79.84
13607,2025-11-14,South,Laptop,1,31.58
13608,2025-06-13,North,Laptop,2,54.86
13609,2025-06-06,East,Laptop,2,53.02
13610,2025-10-13,South,Laptop,1,79.28
13611,2025-06-07,East,Monitor,3,164.85
13612,2025-11-18,East,Laptop,2,80.23
13613,2025-09-24,North,Keyboard,2,33.43
13614,2025-06-14,North,Headset,1,116.15
13615,2025-06-28,West,Laptop,1,56.25
13616,2025-01-14,North,Monitor,1,73.63
13617,2025-12-03,East,Laptop,1,64.14
13618,2025-12-27,South,Monitor,2,35.73
13619,2025-02-11,North,Laptop,1,34.91
13620,2025-12-03,West,Headset,1,35.01
13621,2025-04-12,East,Monitor,1,32.03
13622,2025-01-07,East,Laptop,1,24.59
13623,2025-08-14,West,Dock,1,111.83
13624,2025-02-04,North,Laptop,1,52.04
13625,2025-08-12,West,Keyboard,2,96.81
13626,2025-05-23,East,Keyboard,3,59.14
13627,2025-11-27,South,Keyboard,6,27.2
13628,2025-09-25,East,Laptop,1,181.05
13629,2025-04-13,West,Monitor,1,50.54
13630,2025-03-19,South,Keyboard,5,123.8
13631,2025-05-21,East,Monitor,1,10.9
13632,2025-04-10,North,Keyboard,6,49.06
13633,2025-06-19,East,Laptop,4,150.24
13634,2025-09-23,South,Monitor,3,103.79
13635,2025-08-30,North,Laptop,2,85.43
13636,2025-10-17,South,Laptop,1,23.15
13637,2025-03-02,West,Laptop,3,85.7
13638,2025-02-07,West,Laptop,1,121.5
13639,2025-06-16,North,Monitor,1,81.09
13640,2025-02-04,East,Laptop,1,52.21
13641,2025-07-04,West,Laptop,3,121.32
13642,2025-12-02,South,Keyboard,4,46.55
13643,2025-01-24,North,Laptop,1,84.52
13644,2025-07-14,West,Laptop,2,70.84
13645,2025-03-30,West,Laptop,1,75.84
13646,2025-12-25,North,Laptop,3,15.1
13647,2025-03-14,West,Laptop,1,113.7
13648,2025-06-13,South,Monitor,3,32.0
13649,2025-01-08,North,Laptop,2,92.11
13650,2025-05-15,North,Laptop,1,33.12
13651,2025-11-08,East,Keyboard,6,99.95
13652,2025-01-18,South,Laptop,2,108.74
13653,2025-01-06,East,Laptop,1,155.75
13654,2025-04-16,North,Laptop,3,27.95
13655,2025-02-08,South,Keyboard,5,38.74
13656,2025-03-14,East,Keyboard,4,95.69
13657,2025-07-21,West,Laptop,1,39.58
13658,2025-11-06,North,Monitor,1,21.99
13659,2025-01-17,South,Monitor,2,272.29
13660,2025-09-14,South,Monitor,5,33.0
13661,2025-07-18,North,Laptop,1,76.53
13662,2025-11-26,West,Laptop,3,52.2
13663,2025-10-13,North,Laptop,1,37.1
13664,2025-06-15,South,Monitor,3,33.26
13665,2025-06-20,West,Laptop,1,90.93
13666,2025-04-25,North,Laptop,1,53.38
13667,2025-10-06,East,Keyboard,1,59.63
13668,2025-01-28,West,Laptop,3,62.65
13669,2025-12-05,North,Monitor,3,31.09
13670,2025-12-09,West,Laptop,1,128.37
13671,2025-06-12,South,Laptop,2,29.42
13672,2025-06-26,South,Keyboard,1,79.87
13673,2025-07-16,East,Monitor,1,73.15
13674,2025-09-21,South,Keyboard,1,156.2
13675,2025-08-02,West,Laptop,1,61.66
13676,2025-02-06,North,Monitor,3,48.73
13677,2025-09-04,East,Keyboard,2,95.24
13678,2025-11-09,North,Monitor,1,20.73
13679,2025-04-05,North,Keyboard,3,67.05
13680,2025-06-30,East,Laptop,1,43.89
13681,2025-09-02,West,Keyboard,1,105.1
13682,2025-08-10,South,Monitor,2,38.14
13683,2025-09-29,South,Keyboard,3,61.11
13684,2025-04-11,North,Monitor,1,114.75
13685,2025-08-11,West,Laptop,1,86.54
13686,2025-02-11,West,Laptop,1,250.61
13687,2025-04-26,South,Keyboard,5,39.9
13688,2025-11-26,North,Laptop,1,48.42
13689,2025-11-29,North,Dock,3,75.73
13690,2025-01-01,North,Keyboard,1,20.94
13691,2025-05-24,North,Monitor,6,117.9
13692,2025-12-01,South,Laptop,4,149.68
13693,2025-11-22,East,Monitor,1,87.08
13694,2025-01-11,North,Keyboard,1,161.48
13695,2025-01-12,North,Laptop,2,82.32
13696,2025-04-15,West,Laptop,1,28.28
13697,2025-10-03,West,Laptop,1,79.11
13698,2025-11-28,North,Monitor,1,211.85
13699,2025-01-05,West,Laptop,1,60.33
13700,2025-11-15,South,Keyboard,1,64.87
13701,2025-01-20,South,Keyboard,1,155.44
13702,2025-04-15,East,Laptop,2,93.4
13703,2025-11-13,South,Laptop,2,107.19
13704,2025-09-03,West,Monitor,1,58.35
13705,2025-11-26,West,Laptop,1,159.51
13706,2025-01-10,West,Headset,1,122.75
13707,2025-10-12,West,Laptop,1,120.94
13708,2025-07-23,West,Laptop,8,83.09
13709,2025-11-24,South,Laptop,1,90.67
13710,2025-03-14,West,Monitor,1,41.56
13711,2025-01-12,East,Headset,1,86.32
13712,2025-03-21,East,Monitor,2,106.11
13713,2025-10-21,South,Laptop,4,79.13
13714,2025-12-07,North,Keyboard,1,36.18
13715,2025-10-22,South,Monitor,1,43.92
13716,2025-05-21,South,Laptop,1,76.43
13717,2025-07-05,East,Keyboard,1,152.76
13718,2025-01-29,North,Laptop,3,101.64
13719,2025-10-25,West,Laptop,2,86.6
13720,2025-07-03,West,Keyboard,2,123.04
13721,2025-07-27,West,Laptop,1,64.31
13722,2025-06-23,South,Laptop,2,40.89
13723,2025-11-06,North,Laptop,4,154.29
13724,2025-10-14,South,Dock,2,69.04
13725,2025-06-29,North,Monitor,2,76.23
13726,2025-05-05,South,Keyboard,1,27.98
13727,2025-02-20,South,Laptop,3,20.77
13728,2025-06-12,South,Dock,1,53.08
13729,2025-12-25,West,Keyboard,2,51.94
13730,2025-10-14,South,Headset,1,24.5
13731,2025-05-06,South,Monitor,4,81.4
13732,2025-09-14,West,Laptop,1,33.75
13733,2025-10-26,North,Monitor,1,130.64
13734,2025-08-13,West,Laptop,5,74.87
13735,2025-10-10,West,Monitor,1,23.9
13736,2025-03-11,West,Laptop,1,51.7
13737,2025-08-14,South,Monitor,1,95.25
13738,2025-02-17,West,Keyboard,1,24.44
13739,2025-02-06,South,Monitor,6,52.19
13740,2025-02-04,North,Laptop,1,44.42
13741,2025-08-12,East,Laptop,1,191.58
13742,2025-11-04,North,Keyboard,2,68.65
13743,2025-12-29,East,Laptop,1,34.61
13744,2025-01-21,South,Monitor,1,203.6
13745,2025-12-24,East,Monitor,1,44.08
13746,2025-05-07,East,Laptop,2,50.08
13747,2025-08-23,South,Laptop,2,54.2
13748,2025-02-08,South,Laptop,1,275.8
13749,2025-09-12,South,Laptop,1,105.6
13750,2025-10-26,South,Keyboard,2,253.42
13751,2025-07-06,South,Monitor,2,98.16
13752,2025-05-31,North,Laptop,5,187.47
13753,2025-05-27,East,Laptop,1,63.05
13754,2025-02-12,North,Laptop,1,58.63
13755,2025-09-03,South,Laptop,1,38.88
13756,2025-12-10,North,Laptop,1,108.93
13757,2025-11-08,South,Laptop,1,159.27
13758,2025-02-16,West,Laptop,2,27.56
13759,2025-03-10,West,Monitor,3,58.35
13760,2025-01-15,North,Monitor,1,95.48
13761,2025-09-04,North,Laptop,1,177.38
13762,2025-09-16,South,Monitor,1,88.64
13763,2025-05-20,North,Keyboard,2,18.52
13764,2025-05-10,South,Laptop,1,41.34
13765,2025-01-30,North,Laptop,1,117.21
13766,2025-08-27,North,Laptop,2,93.98
13767,2025-08-29,North,Laptop,4,138.87
13768,2025-12-30,West,Monitor,2,39.22
13769,2025-01-29,North,Laptop,1,27.01
13770,2025-02-24,East,Headset,1,170.0
13771,2025-01-16,South,Keyboard,7,25.04
13772,2025-04-25,West,Monitor,1,113.12
13773,2025-03-11,West,Laptop,1,32.35
13774,2025-12-20,South,Keyboard,1,40.91
13775,2025-12-29,North,Keyboard,1,27.34
13776,2025-08-08,South,Laptop,7,123.36
13777,2025-07-09,South,Laptop,2,132.43
13778,2025-12-04,South,Laptop,2,57.04
13779,2025-04-19,South,Laptop,1,40.25
13780,2025-04-19,West,Monitor,1,37.03
13781,2025-02-13,West,Laptop,2,48.64
13782,2025-03-26,North,Monitor,2,150.79
13783,2025-06-06,North,Laptop,4,41.75
13784,2025-09-16,West,Laptop,4,86.81
13785,2025-03-14,West,Keyboard,5,48.74
13786,2025-04-22,West,Keyboard,1,152.89
13787,2025-07-14,South,Monitor,1,33.42
13788,2025-08-02,West,Monitor,1,119.73
13789,2025-03-18,East,Laptop,1,243.94
13790,2025-01-09,West,Laptop,1,38.97
13791,2025-08-11,South,Headset,1,68.28
13792,2025-09-19,West,Laptop,2,31.75
13793,2025-10-04,North,Laptop,2,20.22
13794,2025-03-09,East,Keyboard,1,363.39
13795,2025-01-14,West,Monitor,5,94.94
13796,2025-02-04,West,Laptop,2,33.1
13797,2025-05-15,South,Monitor,1,109.31
13798,2025-05-06,East,Laptop,2,69.66
13799,2025-11-15,West,Laptop,4,13.75
13800,2025-08-07,East,Laptop,2,61.72
13801,2025-04-22,West,Laptop,2,65.91
13802,2025-06-05,West,Keyboard,2,111.62
13803,2025-06-01,South,Laptop,2,84.62
13804,2025-04-12,South,Keyboard,1,47.78
13805,2025-01-04,East,Monitor,4,50.07
13806,2025-10-05,West,Keyboard,8,110.62
13807,2025-01-31,North,Laptop,2,74.65
13808,2025-08-29,West,Laptop,1,51.98
13809,2025-10-21,West,Monitor,1,102.55
13810,2025-02-08,South,Keyboard,1,26.22
13811,2025-11-02,South,Laptop,1,44.29
13812,2025-12-26,East,Laptop,2,37.51
13813,2025-04-01,North,Monitor,1,47.51
13814,2025-05-10,North,Laptop,1,151.87
13815,2025-11-14,East,Laptop,2,71.1
13816,2025-02-19,East,Laptop,1,80.25
13817,2025-02-14,West,Laptop,4,103.74
13818,2025-04-08,North,Monitor,1,30.72
13819,2025-07-13,North,Laptop,2,106.42
13820,2025-08-23,South,Laptop,1,22.97
13821,2025-11-28,North,Laptop,1,31.5
13822,2025-05-24,North,Monitor,3,69.31
13823,2025-03-05,West,Monitor,1,38.68
13824,2025-07-21,East,Laptop,2,99.07
13825,2025-10-06,North,Monitor,9,47.41
13826,2025-05-10,East,Keyboard,1,29.44
13827,2025-11-10,West,Keyboard,1,127.95
13828,2025-04-11,North,Keyboard,3,65.13
13829,2025-12-29,South,Laptop,2,146.29
13830,2025-12-14,South,Laptop,1,88.53
13831,2025-01-07,West,Monitor,2,30.03
13832,2025-02-02,East,Laptop,1,227.33
13833,2025-08-12,West,Monitor,1,66.22
13834,2025-03-05,South,Laptop,1,41.54
13835,2025-03-30,West,Laptop,1,38.75
13836,2025-11-19,South,Laptop,3,87.04
13837,2025-11-20,West,Monitor,1,54.27
13838,2025-05-04,South,Laptop,3,49.36
13839,2025-02-19,South,Monitor,1,49.6
13840,2025-02-16,North,Laptop,1,74.54
13841,2025-07-20,East,Dock,1,125.39
13842,2025-06-27,North,Laptop,2,66.58
13843,2025-04-02,North,Laptop,4,55.78
13844,2025-03-23,South,Keyboard,7,165.47
13845,2025-11-13,West,Laptop,3,26.22
13846,2025-01-19,North,Monitor,3,201.96
13847,2025-07-24,West,Dock,3,24.58
13848,2025-10-09,North,Headset,1,61.52
13849,2025-04-03,North,Laptop,1,184.62
13850,2025-08-25,East,Laptop,1,41.11
13851,2025-10-14,West,Monitor,5,29.66
13852,2025-01-25,East,Laptop,5,70.56
13853,2025-04-26,North,Laptop,1,35.07
13854,2025-04-04,North,Monitor,2,37.43
13855,2025-06-15,North,Laptop,2,164.03
13856,2025-03-09,South,Laptop,2,46.28
13857,2025-08-19,South,Laptop,2,13.76
13858,2025-10-06,West,Laptop,1,18.94
13859,2025-02-26,North,Monitor,3,69.79
13860,2025-12-10,East,Laptop,4,25.27
13861,2025-07-08,East,Headset,4,41.27
13862,2025-11-30,North,Keyboard,1,58.33
13863,2025-07-19,South,Keyboard,1,38.73
13864,2025-07-15,South,Laptop,1,71.73
13865,2025-12-27,East,Keyboard,1,123.63
13866,2025-01-18,South,Monitor,2,47.71
13867,2025-04-20,West,Laptop,1,34.51
13868,2025-08-24,North,Laptop,6,115.63
13869,2025-05-09,West,Monitor,1,72.94
13870,2025-07-25,East,Monitor,1,77.72
13871,2025-10-08,East,Keyboard,1,91.06
13872,2025-01-14,North,Headset,2,23.2
13873,2025-05-24,North,Keyboard,5,84.15
13874,2025-12-11,South,Laptop,2,43.03
13875,2025-04-07,North,Laptop,5,22.08
13876,2025-09-24,East,Laptop,1,49.93
13877,2025-04-09,West,Keyboard,2,73.56
13878,2025-10-14,East,Laptop,2,71.02
13879,2025-10-08,North,Laptop,2,62.26
13880,2025-12-10,West,Keyboard,1,70.71
13881,2025-05-30,West,Monitor,2,150.95
13882,2025-02-05,South,Laptop,3,48.91
13883,2025-08-06,West,Laptop,3,111.57
13884,2025-06-28,North,Laptop,2,136.1
13885,2025-12-05,South,Keyboard,2,101.89
13886,2025-03-06,South,Laptop,1,52.49
13887,2025-04-13,North,Headset,1,38.13
13888,2025-01-29,West,Laptop,1,90.32
13889,2025-09-07,East,Laptop,1,174.53
13890,2025-12-18,East,Laptop,2,92.76
13891,2025-03-06,East,Laptop,1,53.95
13892,2025-08-08,West,Keyboard,1,41.16
13893,2025-01-02,West,Laptop,1,32.78
13894,2025-10-07,East,Monitor,5,46.24
13895,2025-12-15,East,Keyboard,4,22.2
13896,2025-07-19,South,Monitor,6,66.1
13897,2025-03-05,South,Laptop,1,75.78
13898,2025-08-02,South,Keyboard,2,66.59
13899,2025-12-13,West,Laptop,2,90.4
13900,2025-03-25,West,Monitor,1,57.4
13901,2025-03-07,East,Keyboard,3,52.42
13902,2025-01-20,East,Headset,7,24.13
13903,2025-07-09,South,Laptop,5,102.44
13904,2025-03-17,West,Monitor,2,42.02
13905,2025-09-15,West,Monitor,7,36.39
13906,2025-12-17,North,Dock,1,43.47
13907,2025-07-29,West,Monitor,6,126.99
13908,2025-09-20,West,Keyboard,9,52.86
13909,2025-02-20,North,Keyboard,3,152.4
13910,2025-10-01,North,Monitor,1,116.27
13911,2025-09-18,North,Laptop,1,46.22
13912,2025-06-01,East,Monitor,2,67.33
13913,2025-04-10,North,Laptop,2,86.33
13914,2025-11-06,East,Keyboard,1,23.81
13915,2025-04-16,South,Laptop,1,93.02
13916,2025-11-21,North,Laptop,6,70.48
13917,2025-04-18,South,Laptop,2,72.74
13918,2025-06-16,South,Monitor,1,20.96
13919,2025-06-03,North,Laptop,3,45.27
13920,2025-05-11,South,Monitor,1,111.5
13921,2025-09-25,South,Monitor,1,84.49
13922,2025-04-29,East,Monitor,1,49.65
13923,2025-05-21,North,Laptop,6,86.59
13924,2025-08-07,West,Monitor,3,133.88
13925,2025-11-24,East,Monitor,1,61.88
13926,2025-02-09,East,Laptop,3,196.87
13927,2025-04-23,North,Headset,1,126.82
13928,2025-11-03,North,Laptop,5,53.2
13929,2025-09-24,West,Laptop,1,56.45
13930,2025-12-23,West,Headset,2,110.47
13931,2025-01-01,North,Laptop,5,31.81
13932,2025-10-06,South,Laptop,4,33.57
13933,2025-03-03,East,Laptop,2,74.64
13934,2025-01-09,East,Keyboard,3,52.86
13935,2025-06-26,North,Monitor,1,55.63
13936,2025-04-23,North,Monitor,2,93.25
13937,2025-11-30,West,Keyboard,5,106.36
13938,2025-09-12,East,Dock,1,21.55
13939,2025-07-20,North,Laptop,3,85.21
13940,2025-08-03,South,Monitor,1,48.78
13941,2025-05-08,East,Laptop,1,38.16
13942,2025-03-23,East,Monitor,2,78.53
13943,2025-01-20,South,Headset,3,122.87
13944,2025-06-17,West,Monitor,1,97.5
13945,2025-10-06,East,Laptop,1,40.86
13946,2025-10-15,East,Monitor,1,48.03
13947,2025-10-17,South,Monitor,2,50.77
13948,2025-06-20,East,Monitor,1,37.06
13949,2025-11-14,West,Laptop,1,23.12
13950,2025-11-25,East,Monitor,2,19.23
13951,2025-08-25,West,Laptop,1,166.37
13952,2025-03-04,North,Laptop,2,67.23
13953,2025-10-20,North,Monitor,4,138.44
13954,2025-09-20,West,Laptop,1,63.91
13955,2025-08-21,North,Monitor,5,168.96
13956,2025-06-17,East,Headset,2,25.36
13957,2025-12-26,North,Laptop,6,29.72
13958,2025-11-06,East,Keyboard,1,156.95
13959,2025-03-22,West,Keyboard,5,149.06
13960,2025-08-04,South,Laptop,1,53.1
13961,2025-07-15,East,Laptop,2,92.35
13962,2025-09-18,West,Monitor,1,53.7
13963,2025-09-20,East,Keyboard,1,82.34
13964,2025-04-05,South,Monitor,2,79.2
13965,2025-05-29,North,Laptop,2,41.39
13966,2025-10-10,East,Headset,2,24.9
13967,2025-02-26,South,Keyboard,1,109.85
13968,2025-01-13,North,Keyboard,1,45.98
13969,2025-01-31,West,Laptop,3,112.09
13970,2025-02-26,South,Monitor,4,53.41
13971,2025-03-01,North,Monitor,2,170.27
13972,2025-09-07,North,Laptop,2,38.12
13973,2025-06-05,North,Headset,1,138.1
13974,2025-05-22,West,Laptop,2,58.66
13975,2025-02-03,West,Keyboard,2,140.06
13976,2025-09-08,South,Headset,3,30.55
13977,2025-03-19,North,Keyboard,5,85.98
13978,2025-06-01,South,Laptop,1,76.84
13979,2025-10-29,West,Laptop,3,98.01
13980,2025-04-09,North,Laptop,2,78.29
13981,2025-09-08,North,Monitor,1,57.1
13982,2025-03-18,North,Monitor,1,62.75
13983,2025-01-29,East,Monitor,2,90.81
13984,2025-09-16,South,Headset,1,154.16
13985,2025-08-06,South,Laptop,1,48.56
13986,2025-09-30,East,Keyboard,2,116.45
13987,2025-10-24,West,Monitor,3,35.38
13988,2025-11-10,South,Laptop,2,117.38
13989,2025-08-12,West,Monitor,1,55.69
13990,2025-09-15,West,Headset,1,43.17
13991,2025-01-07,North,Headset,1,153.09
13992,2025-02-12,West,Laptop,2,17.99
13993,2025-11-03,East,Monitor,2,75.24
13994,2025-09-09,East,Laptop,1,95.24
13995,2025-06-30,East,Keyboard,1,35.37
13996,2025-01-08,West,Laptop,2,37.93
13997,2025-10-15,West,Laptop,4,56.69
13998,2025-09-18,South,Monitor,2,187.92
13999,2025-04-01,West,Laptop,1,83.0
14000,2025-04-19,South,Laptop,1,48.1
14001,2025-02-19,South,Laptop,2,100.78
14002,2025-08-02,West,Laptop,3,85.55
14003,2025-11-10,South,Monitor,1,77.59
14004,2025-04-01,South,Monitor,1,62.81
14005,2025-07-11,West,Laptop,2,120.19
14006,2025-10-25,North,Headset,1,72.09
14007,2025-01-07,South,Laptop,1,106.66
14008,2025-12-12,West,Monitor,2,43.62
14009,2025-06-19,West,Monitor,1,30.07
14010,2025-08-02,East,Laptop,6,30.37
14011,2025-05-24,North,Monitor,1,144.05
14012,2025-05-28,North,Keyboard,2,49.78
14013,2025-01-03,East,Laptop,1,103.12
14014,2025-02-03,East,Monitor,5,80.07
14015,2025-02-05,West,Laptop,4,206.03
14016,2025-03-08,South,Monitor,2,48.97
14017,2025-06-09,West,Keyboard,1,63.9
14018,2025-09-14,North,Monitor,1,48.14
14019,2025-04-26,East,Laptop,1,69.85
14020,2025-02-20,West,Laptop,2,75.88
14021,2025-03-22,South,Monitor,2,73.79
14022,2025-07-31,West,Laptop,1,79.73
14023,2025-08-24,South,Laptop,1,68.94
14024,2025-04-30,North,Keyboard,1,79.29
14025,2025-08-10,North,Laptop,4,21.78
14026,2025-09-22,South,Laptop,1,52.5
14027,2025-03-01,East,Laptop,5,31.35
14028,2025-07-16,South,Laptop,3,28.2
14029,2025-05-29,South,Laptop,1,136.22
14030,2025-07-19,West,Laptop,1,186.59
14031,2025-02-27,East,Laptop,2,49.43
14032,2025-11-18,South,Laptop,3,60.93
14033,2025-06-03,West,Monitor,1,45.73
14034,2025-07-26,South,Monitor,7,45.01
14035,2025-02-08,South,Laptop,4,39.99
14036,2025-10-10,West,Monitor,1,31.81
14037,2025-06-02,East,Laptop,1,61.25
14038,2025-12-18,North,Laptop,1,122.82
14039,2025-02-13,East,Laptop,1,141.88
14040,2025-06-19,South,Headset,1,16.37
14041,2025-10-28,East,Laptop,7,60.12
14042,2025-09-14,East,Headset,1,52.99
14043,2025-07-06,North,Monitor,2,61.92
14044,2025-12-07,East,Monitor,1,49.96
14045,2025-02-16,North,Monitor,4,135.99
14046,2025-06-01,West,Laptop,5,39.19
14047,2025-03-10,West,Laptop,1,54.97
14048,2025-07-24,South,Keyboard,1,111.96
14049,2025-05-26,North,Laptop,2,52.07
14050,2025-08-15,West,Monitor,3,89.9
14051,2025-07-04,North,Monitor,2,214.25
14052,2025-01-23,North,Monitor,1,26.54
14053,2025-07-12,East,Keyboard,1,148.63
14054,2025-06-05,West,Keyboard,1,167.13
14055,2025-06-22,West,Keyboard,1,63.44
14056,2025-03-17,East,Monitor,1,105.13
14057,2025-02-04,North,Keyboard,1,68.51
14058,2025-07-19,South,Laptop,4,35.31
14059,2025-03-27,South,Headset,2,251.5
14060,2025-03-25,East,Laptop,2,123.06
14061,2025-08-17,West,Laptop,1,79.38
14062,2025-01-13,South,Keyboard,1,72.15
14063,2025-02-19,West,Laptop,4,90.78
14064,2025-10-31,East,Laptop,1,60.3
14065,2025-11-04,South,Laptop,1,29.11
14066,2025-07-23,West,Monitor,2,18.93
14067,2025-05-28,East,Keyboard,1,72.94
14068,2025-03-12,South,Laptop,2,59.52
14069,2025-02-26,West,Laptop,1,14.54
14070,2025-12-20,East,Keyboard,2,90.77
14071,2025-05-15,West,Laptop,1,89.3
14072,2025-12-09,North,Keyboard,3,39.76
14073,2025-02-11,South,Monitor,2,74.48
14074,2025-12-01,North,Dock,2,71.98
14075,2025-08-02,North,Keyboard,5,141.35
14076,2025-04-16,East,Keyboard,1,33.76
14077,2025-12-29,East,Laptop,1,87.29
14078,2025-10-04,North,Laptop,1,108.99
14079,2025-12-04,North,Monitor,3,115.57
14080,2025-06-16,East,Laptop,1,15.98
14081,2025-12-24,West,Laptop,1,27.06
14082,2025-07-02,North,Monitor,1,59.52
14083,2025-09-26,South,Keyboard,1,64.43
14084,2025-06-18,East,Monitor,2,51.69
14085,2025-04-01,South,Laptop,1,78.39
14086,2025-11-21,East,Keyboard,1,59.52
14087,2025-08-09,East,Keyboard,5,55.99
14088,2025-06-14,South,Keyboard,2,119.54
14089,2025-02-27,South,Laptop,2,73.29
14090,2025-12-25,South,Keyboard,1,76.07
14091,2025-09-26,East,Laptop,1,97.21
14092,2025-03-14,West,Keyboard,1,64.81
14093,2025-02-03,West,Monitor,1,125.38
14094,2025-12-06,East,Monitor,1,88.08
14095,2025-12-03,South,Headset,3,49.56
14096,2025-03-08,East,Laptop,2,28.23
14097,2025-06-25,West,Laptop,4,89.27
14098,2025-02-17,West,Laptop,1,130.44
14099,2025-07-03,East,Laptop,1,75.34
14100,2025-12-04,East,Laptop,2,77.56
14101,2025-01-18,North,Laptop,1,123.26
14102,2025-04-08,North,Monitor,2,95.78
14103,2025-11-25,South,Laptop,4,135.93
14104,2025-05-04,East,Monitor,2,30.84
14105,2025-05-28,South,Laptop,2,65.14
14106,2025-03-03,North,Laptop,2,258.22
14107,2025-01-17,North,Monitor,2,31.79
14108,2025-04-14,North,Monitor,2,100.06
14109,2025-12-15,North,Monitor,2,26.91
14110,2025-03-19,West,Laptop,1,43.94
14111,2025-11-13,North,Laptop,1,18.55
14112,2025-01-16,North,Laptop,1,95.04
14113,2025-09-04,East,Monitor,2,78.78
14114,2025-07-17,South,Keyboard,1,68.69
14115,2025-06-10,West,Laptop,2,45.44
14116,2025-11-21,South,Laptop,1,24.49
14117,2025-01-10,West,Monitor,2,99.71
14118,2025-07-03,West,Monitor,1,45.76
14119,2025-04-07,North,Dock,2,64.78
14120,2025-11-23,North,Laptop,2,25.11
14121,2025-09-07,South,Laptop,2,160.22
14122,2025-05-15,East,Monitor,1,90.51
14123,2025-12-29,West,Laptop,1,78.03
14124,2025-06-06,West,Monitor,7,126.02
14125,2025-12-10,South,Laptop,4,62.22
14126,2025-12-10,North,Headset,4,71.88
14127,2025-10-11,West,Monitor,4,92.65
14128,2025-01-10,East,Laptop,1,55.85
14129,2025-08-31,West,Laptop,2,95.3
14130,2025-07-29,West,Keyboard,1,101.47
14131,2025-08-11,East,Laptop,1,32.93
14132,2025-02-20,North,Monitor,3,54.29
14133,2025-08-12,North,Laptop,2,28.38
14134,2025-12-22,South,Keyboard,2,103.85
14135,2025-11-05,South,Monitor,1,48.28
14136,2025-08-28,North,Monitor,1,143.3
14137,2025-02-18,West,Headset,1,194.31
14138,2025-08-15,West,Laptop,3,33.93
14139,2025-11-24,South,Laptop,1,25.9
14140,2025-10-11,North,Keyboard,1,45.59
14141,2025-05-05,South,Monitor,2,47.42
14142,2025-01-17,North,Monitor,1,64.09
14143,2025-12-18,South,Monitor,1,92.03
14144,2025-12-09,South,Laptop,1,32.58
14145,2025-03-14,South,Laptop,1,44.0
14146,2025-01-26,East,Dock,4,60.67
14147,2025-07-04,East,Laptop,1,73.41
14148,2025-03-16,North,Laptop,5,140.12
14149,2025-10-24,North,Headset,1,67.44
14150,2025-08-09,South,Laptop,2,100.85
14151,2025-01-25,South,Laptop,1,125.98
14152,2025-04-16,North,Monitor,2,114.57
14153,2025-10-13,South,Laptop,2,77.98
14154,2025-03-30,West,Monitor,5,40.19
14155,2025-01-10,West,Laptop,4,19.56
14156,2025-03-16,South,Keyboard,1,38.61
14157,2025-12-15,East,Laptop,2,104.32
14158,2025-01-22,North,Laptop,1,154.1
14159,2025-05-17,East,Laptop,1,119.82
14160,2025-02-22,North,Laptop,1,87.38
14161,2025-03-30,South,Monitor,1,54.78
14162,2025-02-28,North,Keyboard,1,68.97
14163,2025-11-25,South,Laptop,1,24.68
14164,2025-03-09,West,Keyboard,1,33.0
14165,2025-03-31,South,Laptop,1,290.61
14166,2025-08-01,East,Headset,1,122.63
14167,2025-04-07,South,Monitor,2,40.63
14168,2025-07-08,South,Laptop,4,45.26
14169,2025-04-01,North,Keyboard,1,82.7
14170,2025-01-13,North,Laptop,4,40.09
14171,2025-01-19,North,Laptop,2,148.81
14172,2025-10-16,North,Laptop,1,22.23
14173,2025-10-06,South,Keyboard,5,43.12
14174,2025-06-29,West,Dock,2,41.57
14175,2025-07-12,North,Laptop,2,39.88
14176,2025-02-21,North,Laptop,1,110.13
14177,2025-12-15,North,Laptop,1,182.43
14178,2025-12-11,North,Keyboard,2,31.48
14179,2025-08-30,South,Laptop,1,25.75
14180,2025-02-14,North,Headset,1,60.93
14181,2025-09-04,North,Laptop,1,354.84
14182,2025-03-21,West,Laptop,4,103.95
14183,2025-12-19,North,Laptop,1,120.27
14184,2025-09-25,South,Dock,2,35.34
14185,2025-11-30,North,Laptop,1,42.98
14186,2025-11-23,South,Laptop,1,109.74
14187,2025-07-03,East,Laptop,1,104.84
14188,2025-09-18,West,Laptop,4,93.25
14189,2025-12-10,East,Laptop,1,44.81
14190,2025-05-04,South,Monitor,1,34.17
14191,2025-06-19,South,Monitor,2,171.94
14192,2025-10-20,North,Laptop,1,32.71
14193,2025-10-23,South,Keyboard,2,72.99
14194,2025-08-18,North,Monitor,2,145.9
14195,2025-06-04,South,Laptop,1,152.8
14196,2025-03-06,East,Laptop,2,30.82
14197,2025-12-22,East,Keyboard,1,48.78
14198,2025-11-06,North,Laptop,4,54.55
14199,2025-06-25,East,Monitor,1,86.81
14200,2025-07-22,West,Laptop,2,20.99
14201,2025-10-16,North,Monitor,3,76.76
14202,2025-06-12,North,Keyboard,1,37.75
14203,2025-11-21,South,Keyboard,1,20.44
14204,2025-11-11,North,Laptop,3,181.34
14205,2025-04-27,West,Monitor,1,42.45
14206,2025-06-28,North,Keyboard,1,135.01
14207,2025-10-09,North,Keyboard,1,72.84
14208,2025-10-11,North,Laptop,2,148.95
14209,2025-01-21,East,Monitor,1,56.37
14210,2025-08-15,East,Keyboard,4,119.27
14211,2025-06-11,North,Laptop,2,243.73
14212,2025-06-10,East,Monitor,2,101.67
14213,2025-07-25,North,Laptop,1,43.2
14214,2025-09-03,North,Laptop,1,79.72
14215,2025-03-23,South,Laptop,3,26.5
14216,2025-04-01,South,Laptop,2,114.19
14217,2025-02-18,North,Laptop,1,31.58
14218,2025-02-20,South,Monitor,1,216.96
14219,2025-11-28,West,Laptop,1,89.97
14220,2025-05-07,East,Laptop,1,54.57
14221,2025-10-14,North,Laptop,3,130.32
14222,2025-06-20,West,Laptop,1,39.67
14223,2025-08-07,North,Keyboard,3,42.74
14224,2025-01-08,West,Monitor,2,53.02
14225,2025-10-24,North,Laptop,1,134.27
14226,2025-07-22,East,Laptop,2,44.02
14227,2025-05-21,East,Laptop,5,124.15
14228,2025-09-27,East,Keyboard,1,59.79
14229,2025-03-20,South,Monitor,1,90.68
14230,2025-10-19,South,Laptop,1,30.46
14231,2025-07-14,North,Laptop,2,67.68
14232,2025-02-10,East,Laptop,4,100.52
14233,2025-03-31,East,Keyboard,3,28.12
14234,2025-01-25,West,Monitor,3,25.12
14235,2025-05-21,North,Laptop,2,102.24
14236,2025-07-05,West,Laptop,1,26.1
14237,2025-02-21,South,Monitor,1,43.63
14238,2025-02-28,North,Laptop,3,89.89
14239,2025-07-19,North,Laptop,2,134.34
14240,2025-12-08,North,Laptop,1,51.42
14241,2025-06-17,East,Headset,2,60.7
14242,2025-06-20,South,Laptop,3,47.28
14243,2025-07-02,East,Monitor,7,95.29
14244,2025-11-11,North,Keyboard,2,21.99
14245,2025-01-27,North,Monitor,1,38.84
14246,2025-05-09,South,Keyboard,4,89.95
14247,2025-04-06,East,Laptop,1,72.95
14248,2025-05-23,West,Monitor,3,27.54
14249,2025-08-17,West,Laptop,1,174.06
14250,2025-11-01,East,Laptop,2,51.97
14251,2025-10-18,West,Keyboard,1,22.8
14252,2025-07-21,East,Laptop,1,47.82
14253,2025-06-15,South,Monitor,1,22.77
14254,2025-02-06,North,Laptop,3,80.9
14255,2025-01-21,North,Laptop,1,14.31
14256,2025-05-22,South,Laptop,2,34.92
14257,2025-01-15,South,Laptop,2,34.71
14258,2025-05-31,South,Laptop,1,102.19
14259,2025-11-29,South,Laptop,2,35.63
14260,2025-04-22,South,Laptop,2,141.93
14261,2025-01-17,North,Monitor,1,118.39
14262,2025-06-18,West,Laptop,1,115.97
14263,2025-09-02,South,Keyboard,2,25.96
14264,2025-12-08,East,Laptop,2,116.05
14265,2025-11-25,South,Laptop,2,71.59
14266,2025-11-21,North,Laptop,1,53.08
14267,2025-10-25,East,Keyboard,1,100.56
14268,2025-05-02,South,Laptop,3,78.31
14269,2025-04-04,East,Laptop,1,88.17
14270,2025-05-15,West,Laptop,1,50.78
14271,2025-05-04,North,Laptop,1,134.91
14272,2025-12-11,North,Laptop,1,144.77
14273,2025-09-12,North,Laptop,3,29.97
14274,2025-05-06,North,Monitor,2,52.56
14275,2025-06-11,East,Laptop,1,100.37
14276,2025-07-25,West,Laptop,1,119.44
14277,2025-04-19,East,Monitor,2,72.48
14278,2025-05-27,West,Laptop,1,63.5
14279,2025-10-27,North,Laptop,9,120.24
14280,2025-02-27,West,Monitor,1,59.21
14281,2025-03-16,West,Laptop,3,95.99
14282,2025-12-12,North,Laptop,1,31.76
14283,2025-10-13,West,Laptop,2,163.5
14284,2025-08-26,North,Laptop,1,30.65
14285,2025-01-26,South,Headset,2,136.84
14286,2025-07-30,East,Laptop,2,140.42
14287,2025-03-05,South,Laptop,2,191.08
14288,2025-04-28,North,Laptop,2,66.04
14289,2025-11-17,East,Laptop,1,46.24
14290,2025-09-09,South,Laptop,1,70.67
14291,2025-05-06,West,Laptop,2,50.72
14292,2025-05-15,East,Laptop,3,91.52
14293,2025-08-24,East,Monitor,2,49.7
14294,2025-11-29,West,Keyboard,3,18.69
14295,2025-08-01,South,Headset,1,64.82
14296,2025-04-18,North,Laptop,1,113.46
14297,2025-05-17,North,Headset,4,46.01
14298,2025-01-21,North,Keyboard,1,75.65
14299,2025-10-10,East,Laptop,2,127.19
14300,2025-04-27,West,Laptop,3,57.09
14301,2025-09-26,South,Laptop,3,33.07
14302,2025-10-20,South,Monitor,1,75.92
14303,2025-10-26,South,Monitor,5,150.0
14304,2025-10-21,East,Laptop,1,72.63
14305,2025-10-21,South,Laptop,4,42.16
14306,2025-06-04,East,Monitor,6,26.05
14307,2025-06-30,North,Laptop,2,108.34
14308,2025-01-07,West,Laptop,3,60.14
14309,2025-08-17,West,Keyboard,2,126.0
14310,2025-12-25,East,Laptop,2,122.97
14311,2025-09-29,West,Headset,2,43.27
14312,2025-09-26,South,Laptop,1,107.75
14313,2025-01-13,South,Keyboard,2,128.38
14314,2025-12-25,South,Monitor,2,99.31
14315,2025-07-23,North,Laptop,2,17.41
14316,2025-11-14,North,Headset,1,23.59
14317,2025-08-20,South,Keyboard,1,114.11
14318,2025-09-08,West,Laptop,1,65.85
14319,2025-02-25,North,Laptop,3,174.79
14320,2025-04-15,North,Laptop,4,119.87
14321,2025-05-07,West,Keyboard,3,45.74
14322,2025-03-25,South,Monitor,3,90.52
14323,2025-03-09,North,Laptop,3,90.67
14324,2025-07-23,South,Laptop,1,44.27
14325,2025-02-14,West,Laptop,2,73.34
14326,2025-05-27,North,Laptop,1,105.29
14327,2025-05-06,North,Dock,1,26.91
14328,2025-01-01,East,Headset,1,121.33
14329,2025-08-09,South,Laptop,1,55.91
14330,2025-09-23,West,Keyboard,1,137.21
14331,2025-07-14,East,Laptop,1,61.07
14332,2025-10-08,East,Monitor,2,36.34
14333,2025-07-31,West,Headset,1,14.86
14334,2025-01-23,East,Laptop,2,89.75
14335,2025-06-24,North,Monitor,4,80.6
14336,2025-01-16,North,Monitor,1,51.03
14337,2025-07-26,North,Laptop,1,71.06
14338,2025-01-21,South,Keyboard,1,185.33
14339,2025-11-24,North,Keyboard,2,62.13
14340,2025-05-01,North,Laptop,1,38.24
14341,2025-12-25,East,Laptop,4,28.78
14342,2025-08-04,South,Laptop,1,33.2
14343,2025-06-10,West,Monitor,1,49.88
14344,2025-03-11,West,Laptop,3,72.74
14345,2025-11-07,South,Laptop,1,130.28
14346,2025-06-11,North,Laptop,1,29.44
14347,2025-03-20,East,Laptop,6,43.2
14348,2025-03-08,South,Laptop,3,18.63
14349,2025-08-08,North,Monitor,3,191.36
14350,2025-07-23,East,Laptop,1,92.66
14351,2025-07-03,North,Laptop,1,158.77
14352,2025-04-30,West,Keyboard,1,75.09
14353,2025-07-08,West,Laptop,1,45.75
14354,2025-06-25,East,Keyboard,1,122.44
14355,2025-10-15,West,Keyboard,2,64.14
14356,2025-01-07,North,Headset,4,55.55
14357,2025-05-15,West,Monitor,2,86.95
14358,2025-10-24,East,Keyboard,5,68.36
14359,2025-09-15,South,Monitor,4,86.42
14360,2025-04-09,South,Laptop,1,124.18
14361,2025-05-04,East,Dock,3,115.45
14362,2025-03-19,North,Keyboard,1,41.88
14363,2025-11-06,West,Laptop,2,87.1
14364,2025-01-03,East,Laptop,1,69.72
14365,2025-06-01,West,Laptop,2,104.78
14366,2025-04-23,West,Laptop,6,23.63
14367,2025-12-11,South,Laptop,4,24.28
14368,2025-04-26,North,Laptop,1,75.65
14369,2025-07-07,West,Headset,9,121.1
14370,2025-07-13,South,Keyboard,1,90.08
14371,2025-05-22,East,Keyboard,2,170.8
14372,2025-02-19,West,Monitor,1,20.27
14373,2025-12-17,West,Monitor,1,47.76
14374,2025-02-13,South,Laptop,3,62.47
14375,2025-05-22,East,Laptop,4,96.62
14376,2025-06-16,North,Keyboard,1,54.88
14377,2025-12-29,South,Monitor,1,37.71
14378,2025-04-11,West,Monitor,2,76.56
14379,2025-05-04,South,Keyboard,1,88.48
14380,2025-08-16,South,Laptop,1,106.2
14381,2025-02-13,North,Laptop,1,94.05
14382,2025-12-06,South,Laptop,5,41.67
14383,2025-03-23,North,Laptop,1,84.42
14384,2025-08-13,West,Laptop,4,39.08
14385,2025-08-13,East,Monitor,2,126.79
14386,2025-10-31,South,Monitor,1,254.15
14387,2025-12-16,North,Laptop,3,164.28
14388,2025-05-04,East,Laptop,1,114.18
14389,2025-12-17,West,Laptop,3,109.54
14390,2025-04-05,South,Laptop,1,58.7
14391,2025-03-28,West,Laptop,1,95.46
14392,2025-03-13,West,Laptop,3,38.82
14393,2025-01-24,East,Laptop,1,32.86
14394,2025-03-31,South,Laptop,1,177.24
14395,2025-05-20,North,Keyboard,1,56.35
14396,2025-04-20,South,Monitor,2,30.46
14397,2025-10-19,West,Laptop,1,40.02
14398,2025-08-10,East,Keyboard,1,50.7
14399,2025-02-04,South,Keyboard,1,84.45
14400,2025-04-13,South,Laptop,2,146.89
14401,2025-03-24,West,Laptop,1,138.31
14402,2025-04-23,South,Laptop,2,22.95
14403,2025-09-06,North,Laptop,3,44.73
14404,2025-10-24,South,Laptop,4,97.07
14405,2025-03-09,North,Laptop,1,105.28
14406,2025-10-23,West,Keyboard,1,67.88
14407,2025-11-13,South,Laptop,1,54.5
14408,2025-12-09,West,Laptop,3,43.48
14409,2025-05-13,South,Laptop,1,70.73
14410,2025-01-25,East,Monitor,1,86.22
14411,2025-11-04,East,Laptop,1,93.13
14412,2025-07-14,West,Monitor,2,180.01
14413,2025-11-28,North,Headset,1,61.59
14414,2025-04-02,East,Laptop,1,46.87
14415,2025-07-04,North,Monitor,1,67.21
14416,2025-10-20,North,Keyboard,1,44.72
14417,2025-02-13,West,Laptop,1,71.06
14418,2025-03-28,East,Monitor,1,58.64
14419,2025-09-10,East,Laptop,1,85.95
14420,2025-02-17,South,Laptop,1,43.5
14421,2025-11-07,North,Keyboard,1,59.31
14422,2025-01-30,South,Headset,5,117.66
14423,2025-08-18,South,Laptop,2,113.79
14424,2025-07-17,North,Laptop,2,25.41
14425,2025-09-17,West,Keyboard,3,45.1
14426,2025-11-06,North,Laptop,3,48.77
14427,2025-04-28,West,Keyboard,2,50.07
14428,2025-08-14,North,Monitor,1,105.55
14429,2025-01-18,East,Laptop,2,76.03
14430,2025-09-12,North,Laptop,3,74.15
14431,2025-02-10,East,Keyboard,1,18.6
14432,2025-11-07,South,Monitor,2,31.8
14433,2025-11-04,East,Laptop,1,27.12
14434,2025-10-20,East,Laptop,1,63.67
14435,2025-09-21,East,Laptop,1,51.05
14436,2025-09-10,South,Keyboard,2,65.15
14437,2025-05-04,East,Keyboard,1,145.1
14438,2025-07-10,North,Laptop,1,32.05
14439,2025-06-20,West,Headset,1,145.02
14440,2025-11-08,East,Keyboard,2,131.65
14441,2025-09-28,East,Headset,1,144.21
14442,2025-04-25,West,Laptop,2,69.27
14443,2025-04-16,East,Monitor,3,33.15
14444,2025-11-19,East,Laptop,1,57.79
14445,2025-05-30,North,Monitor,1,103.38
14446,2025-04-29,West,Laptop,4,82.11
14447,2025-07-29,West,Laptop,4,102.93
14448,2025-05-03,East,Monitor,1,92.42
14449,2025-07-20,South,Laptop,1,141.2
14450,2025-08-03,West,Monitor,1,130.2
14451,2025-09-27,East,Laptop,1,93.49
14452,2025-04-08,North,Monitor,1,54.3
14453,2025-11-20,East,Monitor,1,60.26
14454,2025-12-08,West,Laptop,1,38.76
14455,2025-07-12,North,Laptop,1,45.45
14456,2025-06-06,South,Laptop,1,28.48
14457,2025-10-08,West,Keyboard,2,23.2
14458,2025-03-14,North,Keyboard,1,64.04
14459,2025-03-08,South,Monitor,2,13.39
14460,2025-04-07,West,Laptop,4,23.96
14461,2025-06-16,East,Laptop,1,29.15
14462,2025-08-07,South,Monitor,4,39.84
14463,2025-10-16,South,Laptop,10,69.9
14464,2025-01-11,East,Laptop,4,39.16
14465,2025-01-22,South,Keyboard,1,100.99
14466,2025-07-10,East,Monitor,1,97.45
14467,2025-03-07,East,Laptop,1,216.71
14468,2025-04-11,East,Laptop,3,49.49
14469,2025-07-05,East,Keyboard,1,81.75
14470,2025-03-27,South,Laptop,2,136.36
14471,2025-01-21,South,Laptop,3,72.96
14472,2025-02-08,North,Laptop,1,45.65
14473,2025-05-01,West,Laptop,2,46.49
14474,2025-07-14,North,Laptop,1,48.21
14475,2025-01-24,West,Laptop,1,73.02
14476,2025-02-20,West,Laptop,9,78.11
14477,2025-07-15,North,Monitor,4,116.27
14478,2025-03-29,East,Monitor,1,55.69
14479,2025-01-28,North,Laptop,3,97.22
14480,2025-05-03,North,Monitor,1,57.56
14481,2025-08-14,South,Laptop,2,43.58
14482,2025-10-15,East,Monitor,1,153.13
14483,2025-12-30,East,Laptop,1,97.71
14484,2025-01-02,East,Monitor,1,18.51
14485,2025-08-22,West,Laptop,4,50.82
14486,2025-09-16,North,Monitor,1,115.62
14487,2025-04-15,West,Laptop,2,94.46
14488,2025-03-31,East,Dock,2,35.01
14489,2025-03-07,East,Keyboard,2,92.42
14490,2025-10-30,South,Keyboard,5,87.08
14491,2025-07-10,North,Keyboard,3,139.56
14492,2025-01-31,South,Laptop,2,53.97
14493,2025-05-03,West,Monitor,1,97.24
14494,2025-05-10,North,Monitor,6,112.03
14495,2025-11-09,West,Laptop,1,133.92
14496,2025-04-21,North,Monitor,3,71.77
14497,2025-10-20,West,Laptop,2,48.06
14498,2025-01-23,West,Laptop,1,49.41
14499,2025-01-02,North,Laptop,1,123.2
14500,2025-11-22,East,Keyboard,3,101.61
14501,2025-10-03,East,Laptop,1,37.27
14502,2025-07-24,North,Laptop,3,86.03
14503,2025-01-28,South,Laptop,4,81.74
14504,2025-07-19,East,Laptop,1,68.94
14505,2025-11-22,North,Keyboard,1,29.21
14506,2025-03-05,South,Monitor,2,26.81
14507,2025-04-09,North,Monitor,1,62.48
14508,2025-12-26,North,Laptop,3,104.05
14509,2025-03-27,East,Laptop,1,96.61
14510,2025-12-23,East,Monitor,1,129.24
14511,2025-05-23,West,Laptop,4,71.85
14512,2025-07-26,East,Keyboard,12,29.51
14513,2025-08-13,North,Laptop,2,24.83
14514,2025-09-03,West,Laptop,2,44.97
14515,2025-12-19,South,Laptop,1,124.49
14516,2025-10-13,North,Keyboard,2,149.76
14517,2025-11-27,West,Monitor,1,135.57
14518,2025-12-14,North,Keyboard,1,129.57
14519,2025-01-09,West,Monitor,1,85.19
14520,2025-02-16,East,Keyboard,2,28.76
14521,2025-03-31,East,Keyboard,1,105.15
14522,2025-10-18,West,Keyboard,1,60.58
14523,2025-06-05,South,Laptop,1,44.4
14524,2025-03-08,West,Keyboard,1,96.71
14525,2025-04-24,East,Monitor,2,54.01
14526,2025-11-02,East,Laptop,1,32.27
14527,2025-11-13,East,Laptop,2,104.87
14528,2025-04-06,West,Headset,2,47.13
14529,2025-01-25,West,Laptop,1,114.0
14530,2025-09-01,East,Laptop,3,91.13
14531,2025-01-05,West,Keyboard,2,116.01
14532,2025-11-22,East,Laptop,1,103.76
14533,2025-09-05,East,Laptop,2,83.67
14534,2025-03-28,East,Monitor,6,106.35
14535,2025-09-13,North,Keyboard,1,43.61
14536,2025-04-28,South,Keyboard,1,213.05
14537,2025-05-27,South,Keyboard,1,44.86
14538,2025-04-01,East,Laptop,2,77.8
14539,2025-03-03,South,Laptop,5,22.5
14540,2025-09-24,West,Laptop,5,22.42
14541,2025-10-04,East,Keyboard,2,82.38
14542,2025-10-05,East,Monitor,1,213.96
14543,2025-02-16,South,Monitor,3,51.99
14544,2025-04-20,North,Keyboard,3,107.22
14545,2025-12-15,North,Laptop,1,28.61
14546,2025-09-24,South,Monitor,4,21.45
14547,2025-05-13,West,Laptop,2,127.53
14548,2025-08-08,South,Laptop,4,34.12
14549,2025-06-27,West,Laptop,4,47.76
14550,2025-05-12,South,Laptop,2,194.72
14551,2025-08-13,West,Laptop,11,75.84
14552,2025-06-24,West,Keyboard,5,122.87
14553,2025-01-16,East,Laptop,1,63.22
14554,2025-03-04,North,Laptop,1,53.14
14555,2025-08-10,South,Monitor,5,36.16
14556,2025-05-16,West,Laptop,4,110.26
14557,2025-12-08,West,Laptop,4,157.96
14558,2025-06-29,North,Laptop,3,97.03
14559,2025-06-16,West,Laptop,1,51.8
14560,2025-09-29,North,Headset,3,50.59
14561,2025-05-04,South,Monitor,4,37.73
14562,2025-05-28,East,Dock,1,125.54
14563,2025-05-09,South,Monitor,1,67.49
14564,2025-10-24,South,Monitor,2,180.63
14565,2025-08-07,West,Laptop,3,149.72
14566,2025-12-15,West,Keyboard,3,178.46
14567,2025-07-08,North,Laptop,1,68.99
14568,2025-04-27,South,Headset,3,211.32
14569,2025-10-23,West,Headset,4,183.19
14570,2025-08-21,East,Monitor,8,45.27
14571,2025-06-11,South,Dock,1,40.37
14572,2025-10-30,West,Monitor,2,50.24
14573,2025-03-04,South,Monitor,1,110.07
14574,2025-09-18,South,Laptop,2,58.23
14575,2025-07-11,East,Monitor,1,124.28
14576,2025-11-08,South,Laptop,1,45.54
14577,2025-10-28,South,Keyboard,3,32.8
14578,2025-11-01,North,Laptop,3,72.79
14579,2025-09-14,North,Laptop,1,122.78
14580,2025-03-27,West,Laptop,1,23.22
14581,2025-10-13,South,Laptop,2,52.06
14582,2025-08-18,South,Laptop,1,171.41
14583,2025-12-16,East,Headset,2,51.26
14584,2025-07-20,West,Laptop,3,161.96
14585,2025-07-25,North,Monitor,1,17.1
14586,2025-10-07,North,Laptop,2,27.53
14587,2025-02-22,East,Monitor,2,77.92
14588,2025-04-01,North,Keyboard,1,75.79
14589,2025-07-23,East,Laptop,1,122.68
14590,2025-03-20,South,Laptop,1,34.55
14591,2025-01-22,East,Laptop,2,59.48
14592,2025-10-19,South,Laptop,2,24.51
14593,2025-06-09,East,Monitor,6,56.8
14594,2025-10-30,North,Headset,3,74.06
14595,2025-03-31,North,Monitor,1,54.68
14596,2025-02-12,North,Monitor,2,59.21
14597,2025-11-02,North,Laptop,6,48.15
14598,2025-03-31,East,Monitor,3,53.45
14599,2025-02-17,South,Laptop,2,51.82
14600,2025-05-22,East,Monitor,1,56.34
14601,2025-01-19,West,Laptop,4,54.64
14602,2025-10-24,North,Laptop,4,69.76
14603,2025-12-11,South,Laptop,3,49.42
14604,2025-07-06,North,Laptop,1,33.93
14605,2025-04-29,East,Laptop,1,73.44
14606,2025-04-29,West,Keyboard,3,139.19
14607,2025-10-22,West,Dock,2,57.73
14608,2025-03-06,North,Laptop,2,152.16
14609,2025-06-05,South,Headset,2,117.4
14610,2025-04-17,North,Laptop,1,146.33
14611,2025-01-31,East,Monitor,1,112.36
14612,2025-12-11,West,Laptop,4,61.36
14613,2025-04-19,West,Laptop,1,123.17
14614,2025-08-30,South,Laptop,1,38.62
14615,2025-07-03,North,Monitor,2,197.49
14616,2025-10-30,East,Monitor,3,90.89
14617,2025-09-30,East,Laptop,3,86.53
14618,2025-01-25,West,Laptop,5,56.74
14619,2025-04-01,North,Laptop,1,134.77
14620,2025-07-31,South,Laptop,2,40.87
14621,2025-03-30,North,Monitor,1,85.84
14622,2025-03-17,North,Monitor,5,43.34
14623,2025-02-24,North,Monitor,5,68.13
14624,2025-02-19,East,Monitor,1,24.47
14625,2025-05-25,East,Laptop,4,104.94
14626,2025-08-05,North,Laptop,4,64.53
14627,2025-12-16,South,Monitor,1,97.15
14628,2025-10-28,West,Laptop,2,46.09
14629,2025-02-04,South,Monitor,2,278.25
14630,2025-11-25,West,Laptop,1,148.53
14631,2025-11-03,East,Laptop,6,59.18
14632,2025-08-19,North,Monitor,2,87.89
14633,2025-04-13,West,Monitor,1,37.0
14634,2025-06-23,South,Laptop,1,25.14
14635,2025-11-01,East,Laptop,4,52.54
14636,2025-05-06,East,Dock,1,36.52
14637,2025-07-08,North,Laptop,4,20.33
14638,2025-08-12,North,Laptop,2,60.64
14639,2025-06-21,East,Laptop,1,72.35
14640,2025-02-10,East,Laptop,1,52.81
14641,2025-05-01,South,Monitor,1,47.4
14642,2025-03-20,North,Laptop,1,94.64
14643,2025-07-23,North,Monitor,5,57.03
14644,2025-02-06,South,Laptop,1,80.74
14645,2025-10-01,South,Keyboard,2,40.9
14646,2025-03-21,South,Keyboard,5,52.19
14647,2025-05-03,East,Keyboard,2,74.71
14648,2025-04-15,East,Monitor,1,43.48
14649,2025-06-10,South,Monitor,2,72.45
14650,2025-06-22,West,Laptop,5,37.23
14651,2025-01-04,North,Laptop,3,28.27
14652,2025-10-29,South,Keyboard,2,39.54
14653,2025-07-16,North,Monitor,1,198.21
14654,2025-07-28,South,Keyboard,2,126.23
14655,2025-02-20,West,Dock,1,38.21
14656,2025-10-31,West,Laptop,2,138.46
14657,2025-09-21,South,Laptop,3,50.61
14658,2025-12-04,East,Keyboard,2,187.7
14659,2025-10-24,West,Monitor,1,46.48
14660,2025-10-02,East,Monitor,2,109.18
14661,2025-02-07,North,Laptop,1,45.98
14662,2025-11-07,West,Laptop,1,88.31
14663,2025-06-06,North,Headset,1,51.62
14664,2025-05-29,East,Monitor,1,30.37
14665,2025-01-25,West,Laptop,1,124.65
14666,2025-11-22,West,Laptop,3,74.88
14667,2025-05-15,West,Laptop,1,54.54
14668,2025-11-15,North,Laptop,1,52.87
14669,2025-10-31,East,Laptop,3,148.45
14670,2025-12-26,North,Monitor,4,76.28
14671,2025-02-19,South,Laptop,1,99.91
14672,2025-02-14,East,Laptop,2,85.27
14673,2025-11-25,South,Monitor,1,81.94
14674,2025-11-15,East,Laptop,2,189.62
14675,2025-11-16,South,Laptop,4,77.07
14676,2025-09-17,West,Laptop,1,49.8
14677,2025-12-22,South,Keyboard,2,89.46
14678,2025-09-12,West,Laptop,4,91.07
14679,2025-10-03,North,Laptop,2,96.77
14680,2025-06-10,West,Dock,1,22.4
14681,2025-08-07,West,Headset,3,76.18
14682,2025-07-07,North,Headset,3,45.07
14683,2025-03-08,East,Headset,2,54.61
14684,2025-06-23,South,Monitor,4,26.79
14685,2025-01-21,East,Monitor,4,56.57
14686,2025-03-16,South,Keyboard,1,50.25
14687,2025-01-19,North,Keyboard,2,28.93
14688,2025-05-02,East,Keyboard,1,115.44
14689,2025-10-04,South,Monitor,1,34.71
14690,2025-08-17,West,Headset,3,51.63
14691,2025-04-16,South,Laptop,1,41.26
14692,2025-11-29,West,Laptop,5,78.25
14693,2025-12-20,West,Monitor,2,59.99
14694,2025-07-11,North,Laptop,1,75.13
14695,2025-06-13,East,Monitor,2,102.71
14696,2025-11-06,East,Monitor,1,189.89
14697,2025-07-24,North,Laptop,2,36.09
14698,2025-11-12,West,Laptop,2,72.4
14699,2025-02-13,North,Keyboard,1,66.66
14700,2025-11-24,West,Monitor,3,70.0
14701,2025-05-04,East,Keyboard,5,55.52
14702,2025-09-19,West,Laptop,1,86.76
14703,2025-06-16,South,Laptop,1,34.01
14704,2025-03-04,North,Monitor,1,88.57
14705,2025-02-05,North,Keyboard,1,65.92
14706,2025-06-26,East,Laptop,1,85.62
14707,2025-04-25,East,Dock,1,74.58
14708,2025-03-04,North,Laptop,1,101.97
14709,2025-11-12,East,Laptop,4,73.43
14710,2025-01-11,South,Monitor,1,18.07
14711,2025-02-19,East,Headset,2,155.74
14712,2025-11-30,East,Monitor,1,34.0
14713,2025-05-30,North,Laptop,3,255.49
14714,2025-09-28,West,Laptop,4,97.56
14715,2025-09-13,South,Laptop,1,98.52
14716,2025-06-08,South,Keyboard,1,78.67
14717,2025-01-20,South,Keyboard,1,72.03
14718,2025-01-13,East,Laptop,3,106.11
14719,2025-11-16,South,Laptop,3,85.5
14720,2025-08-26,East,Monitor,1,72.2
14721,2025-03-25,East,Monitor,1,99.26
14722,2025-05-18,South,Laptop,5,31.94
14723,2025-04-27,West,Monitor,2,41.78
14724,2025-12-27,North,Laptop,1,213.84
14725,2025-05-04,North,Laptop,2,82.48
14726,2025-02-28,South,Headset,1,43.6
14727,2025-07-16,West,Keyboard,1,147.84
14728,2025-03-09,West,Headset,2,46.99
14729,2025-12-24,South,Monitor,1,75.77
14730,2025-04-04,East,Laptop,1,176.15
14731,2025-06-06,West,Laptop,2,151.81
14732,2025-09-12,North,Keyboard,1,126.76
14733,2025-12-23,South,Laptop,1,61.48
14734,2025-10-03,East,Keyboard,1,82.43
14735,2025-02-07,North,Laptop,1,63.18
14736,2025-03-12,North,Dock,1,49.75
14737,2025-06-11,South,Monitor,1,65.1
14738,2025-10-30,South,Monitor,1,50.25
14739,2025-06-16,West,Monitor,1,85.7
14740,2025-03-31,North,Headset,1,154.48
14741,2025-09-26,East,Laptop,1,50.36
14742,2025-07-13,East,Monitor,1,37.42
14743,2025-10-06,East,Laptop,1,135.76
14744,2025-08-20,South,Laptop,3,57.25
14745,2025-08-26,North,Laptop,6,68.92
14746,2025-06-29,North,Keyboard,1,71.23
14747,2025-07-19,South,Laptop,3,17.81
14748,2025-07-07,North,Monitor,1,356.92
14749,2025-04-21,North,Laptop,3,34.55
14750,2025-12-27,North,Laptop,2,42.93
14751,2025-04-09,South,Laptop,1,118.14
14752,2025-10-23,South,Monitor,2,107.16
14753,2025-03-13,West,Dock,2,36.87
14754,2025-08-04,East,Monitor,4,95.65
14755,2025-06-15,South,Monitor,4,22.85
14756,2025-10-21,West,Monitor,1,31.49
14757,2025-07-18,East,Laptop,1,61.78
14758,2025-09-19,North,Laptop,2,18.22
14759,2025-01-25,East,Laptop,1,110.68
14760,2025-10-25,East,Monitor,4,131.74
14761,2025-03-10,West,Keyboard,5,31.32
14762,2025-09-27,East,Laptop,1,226.28
14763,2025-06-29,South,Laptop,4,58.64
14764,2025-04-10,North,Laptop,3,77.06
14765,2025-12-20,South,Laptop,1,53.99
14766,2025-09-05,North,Monitor,1,24.13
14767,2025-05-22,West,Monitor,2,42.21
14768,2025-12-22,West,Laptop,1,218.27
14769,2025-04-11,North,Laptop,2,155.8
14770,2025-11-09,West,Monitor,4,57.37
14771,2025-09-19,South,Monitor,5,90.21
14772,2025-02-17,West,Keyboard,3,34.24
14773,2025-12-03,West,Keyboard,3,141.35
14774,2025-10-04,East,Laptop,2,168.48
14775,2025-03-21,South,Monitor,1,55.89
14776,2025-05-20,South,Monitor,3,70.02
14777,2025-01-23,East,Laptop,4,58.64
14778,2025-08-21,East,Headset,3,141.41
14779,2025-09-06,West,Laptop,2,61.78
14780,2025-04-29,East,Keyboard,1,18.99
14781,2025-01-26,South,Monitor,2,51.64
14782,2025-12-27,North,Laptop,1,96.41
14783,2025-01-12,East,Keyboard,2,103.39
14784,2025-09-03,South,Monitor,1,36.66
14785,2025-07-12,West,Laptop,1,81.76
14786,2025-10-07,West,Laptop,2,31.7
14787,2025-02-01,North,Monitor,2,35.93
14788,2025-09-10,West,Headset,3,25.48
14789,2025-10-24,North,Dock,7,70.14
14790,2025-01-05,North,Laptop,4,52.19
14791,2025-11-24,West,Headset,3,105.22
14792,2025-08-13,West,Laptop,1,66.58
14793,2025-07-08,East,Laptop,2,100.69
14794,2025-08-06,North,Monitor,2,90.25
14795,2025-02-08,South,Laptop,1,52.97
14796,2025-10-20,West,Monitor,5,223.15
14797,2025-06-26,East,Keyboard,3,82.67
14798,2025-03-10,East,Monitor,3,88.6
14799,2025-05-01,North,Laptop,1,28.5
14800,2025-10-07,North,Keyboard,9,56.34
14801,2025-01-13,East,Laptop,1,122.26
14802,2025-02-19,North,Headset,1,106.78
14803,2025-09-30,West,Headset,2,145.7
14804,2025-01-19,North,Laptop,3,34.87
14805,2025-05-18,North,Keyboard,1,245.88
14806,2025-02-10,South,Monitor,1,92.91
14807,2025-10-31,South,Laptop,1,90.1
14808,2025-09-21,South,Laptop,2,144.51
14809,2025-10-06,South,Laptop,3,99.79
14810,2025-03-07,South,Monitor,1,136.67
14811,2025-09-14,South,Monitor,2,37.2
14812,2025-12-29,South,Monitor,3,172.34
14813,2025-02-16,South,Laptop,1,67.37
14814,2025-08-25,East,Laptop,1,77.46
14815,2025-08-28,North,Dock,2,85.49
14816,2025-12-06,East,Monitor,4,216.8
14817,2025-07-04,South,Headset,1,65.27
14818,2025-04-16,East,Monitor,3,41.29
14819,2025-06-18,North,Laptop,1,28.7
14820,2025-05-03,North,Laptop,1,64.35
14821,2025-07-16,East,Keyboard,4,68.29
14822,2025-11-04,North,Headset,1,65.42
14823,2025-11-19,West,Laptop,1,31.01
14824,2025-01-22,East,Keyboard,1,46.87
14825,2025-08-07,South,Laptop,4,85.32
14826,2025-04-25,North,Laptop,2,99.58
14827,2025-07-16,East,Monitor,1,110.78
14828,2025-10-28,South,Monitor,1,24.26
14829,2025-12-22,North,Dock,6,98.5
14830,2025-04-14,East,Monitor,1,45.08
14831,2025-08-25,West,Laptop,1,162.47
14832,2025-08-09,North,Headset,1,35.89
14833,2025-05-01,South,Monitor,1,93.02
14834,2025-12-25,East,Keyboard,1,32.09
14835,2025-01-21,East,Headset,2,68.83
14836,2025-06-13,East,Laptop,4,33.56
14837,2025-11-22,North,Keyboard,4,26.54
14838,2025-01-12,West,Laptop,4,47.94
14839,2025-08-06,West,Monitor,1,36.25
14840,2025-03-26,South,Laptop,1,110.72
14841,2025-09-09,West,Laptop,3,88.31
14842,2025-06-23,South,Monitor,5,55.3
14843,2025-12-10,South,Keyboard,1,76.39
14844,2025-12-02,North,Dock,2,58.57
14845,2025-04-07,North,Laptop,1,106.92
14846,2025-01-07,North,Keyboard,1,13.09
14847,2025-06-04,West,Laptop,1,78.85
14848,2025-04-03,West,Laptop,3,56.95
14849,2025-05-14,South,Monitor,1,308.15
14850,2025-07-21,West,Laptop,2,47.82
14851,2025-09-25,East,Headset,1,42.07
14852,2025-06-28,East,Monitor,3,51.84
14853,2025-06-09,South,Monitor,3,44.6
14854,2025-06-09,West,Laptop,1,39.86
14855,2025-11-09,South,Headset,4,58.1
14856,2025-04-09,West,Keyboard,1,122.02
14857,2025-07-03,West,Laptop,1,108.41
14858,2025-12-14,North,Dock,1,42.11
14859,2025-06-26,North,Laptop,1,198.22
14860,2025-08-31,South,Laptop,4,58.83
14861,2025-01-06,East,Laptop,2,36.24
14862,2025-04-29,West,Monitor,1,30.94
14863,2025-10-29,West,Dock,1,76.54
14864,2025-05-27,East,Laptop,2,53.75
14865,2025-09-14,East,Keyboard,1,63.1
14866,2025-01-11,East,Keyboard,2,49.31
14867,2025-09-14,East,Laptop,5,51.77
14868,2025-07-30,West,Laptop,1,28.45
14869,2025-05-03,East,Laptop,2,18.92
14870,2025-10-14,East,Laptop,1,126.97
14871,2025-02-28,South,Laptop,1,49.62
14872,2025-06-14,East,Monitor,1,71.13
14873,2025-12-13,South,Monitor,1,107.91
14874,2025-11-20,South,Laptop,1,112.38
14875,2025-11-10,North,Keyboard,1,111.93
14876,2025-10-11,South,Monitor,1,112.98
14877,2025-04-13,North,Laptop,1,163.92
14878,2025-08-21,West,Laptop,1,86.37
14879,2025-07-26,West,Monitor,4,203.32
14880,2025-11-16,East,Laptop,3,49.13
14881,2025-11-28,South,Monitor,1,137.75
14882,2025-01-18,East,Dock,1,35.1
14883,2025-08-04,North,Laptop,1,81.58
14884,2025-07-06,East,Laptop,3,80.61
14885,2025-01-12,North,Laptop,1,73.75
14886,2025-12-24,North,Laptop,4,264.46
14887,2025-04-04,East,Laptop,1,58.51
14888,2025-03-02,North,Headset,1,43.87
14889,2025-09-29,North,Keyboard,1,59.39
14890,2025-03-04,South,Laptop,5,32.03
14891,2025-06-20,North,Keyboard,7,50.74
14892,2025-04-03,West,Laptop,2,109.69
14893,2025-02-26,West,Laptop,1,90.62
14894,2025-11-26,West,Headset,3,37.67
14895,2025-05-07,South,Keyboard,3,142.34
14896,2025-01-23,East,Laptop,1,100.33
14897,2025-06-11,North,Monitor,1,42.55
14898,2025-05-05,South,Monitor,1,67.76
14899,2025-12-14,West,Laptop,1,20.39
14900,2025-09-15,West,Keyboard,1,29.75
14901,2025-08-05,South,Monitor,1,66.58
14902,2025-08-08,South,Monitor,2,24.24
14903,2025-01-29,South,Monitor,1,60.42
14904,2025-08-01,North,Keyboard,1,4.58
14905,2025-12-22,West,Monitor,1,52.72
14906,2025-09-11,East,Laptop,1,50.05
14907,2025-02-08,South,Laptop,2,74.73
14908,2025-07-16,North,Laptop,1,146.87
14909,2025-01-17,West,Laptop,1,145.75
14910,2025-07-11,West,Keyboard,3,43.53
14911,2025-04-08,South,Laptop,4,59.66
14912,2025-11-08,North,Laptop,4,36.58
14913,2025-07-26,South,Monitor,5,71.32
14914,2025-02-02,East,Laptop,1,118.06
14915,2025-12-23,South,Keyboard,4,48.67
14916,2025-02-21,South,Monitor,1,31.48
14917,2025-04-05,East,Laptop,4,89.21
14918,2025-10-14,East,Laptop,2,99.19
14919,2025-04-09,West,Monitor,1,34.37
14920,2025-01-04,North,Dock,2,33.07
14921,2025-08-11,South,Keyboard,2,59.32
14922,2025-03-08,North,Headset,2,148.3
14923,2025-07-01,North,Monitor,5,53.99
14924,2025-07-02,East,Laptop,2,165.29
14925,2025-11-27,West,Headset,1,158.85
14926,2025-02-04,East,Laptop,5,56.03
14927,2025-07-01,West,Laptop,1,28.52
14928,2025-04-20,West,Laptop,4,65.24
14929,2025-03-22,East,Headset,1,42.56
14930,2025-12-25,West,Laptop,3,78.44
14931,2025-10-02,East,Laptop,3,51.71
14932,2025-01-27,East,Dock,1,36.13
14933,2025-12-14,South,Keyboard,1,95.59
14934,2025-02-17,South,Dock,1,73.83
14935,2025-02-03,West,Laptop,2,107.92
14936,2025-04-07,East,Laptop,1,23.06
14937,2025-07-01,West,Laptop,2,94.98
14938,2025-03-01,East,Laptop,1,112.72
14939,2025-07-13,South,Monitor,5,139.32
14940,2025-06-01,North,Laptop,2,48.52
14941,2025-01-06,North,Laptop,1,74.83
14942,2025-03-14,West,Keyboard,2,62.94
14943,2025-08-13,West,Monitor,3,113.14
14944,2025-12-16,East,Laptop,1,154.7
14945,2025-09-03,North,Headset,1,78.53
14946,2025-10-25,South,Laptop,1,20.48
14947,2025-06-25,West,Monitor,1,85.06
14948,2025-02-01,North,Laptop,1,55.4
14949,2025-06-21,South,Headset,1,65.87
14950,2025-06-03,West,Laptop,1,78.53
14951,2025-08-31,North,Monitor,1,49.13
14952,2025-10-22,West,Laptop,3,83.64
14953,2025-03-12,West,Monitor,1,36.22
14954,2025-06-14,East,Laptop,1,18.73
14955,2025-01-12,North,Monitor,2,67.97
14956,2025-09-10,East,Laptop,1,68.33
14957,2025-11-23,East,Laptop,1,86.92
14958,2025-01-02,South,Laptop,3,74.63
14959,2025-01-16,East,Laptop,2,80.94
14960,2025-11-21,West,Laptop,2,165.0
14961,2025-08-24,North,Laptop,1,102.7
14962,2025-09-24,East,Monitor,3,27.65
14963,2025-07-16,North,Laptop,1,101.48
14964,2025-10-13,East,Monitor,1,58.29
14965,2025-11-28,East,Laptop,3,66.23
14966,2025-07-08,South,Monitor,1,98.08
14967,2025-08-21,West,Headset,1,80.89
14968,2025-09-12,East,Laptop,3,84.08
14969,2025-11-10,West,Monitor,1,51.77
14970,2025-10-17,South,Laptop,3,171.92
14971,2025-06-17,South,Monitor,1,35.44
14972,2025-09-07,South,Headset,1,90.41
14973,2025-02-25,North,Monitor,2,76.12
14974,2025-12-03,West,Laptop,1,53.55
14975,2025-04-26,West,Laptop,2,32.35
14976,2025-01-30,West,Monitor,1,108.11
14977,2025-02-11,West,Laptop,5,113.54
14978,2025-05-07,South,Laptop,4,43.15
14979,2025-02-28,East,Laptop,1,84.58
14980,2025-11-17,West,Laptop,2,49.59
14981,2025-02-18,North,Laptop,2,39.75
14982,2025-01-05,North,Laptop,2,28.07
14983,2025-11-02,East,Laptop,1,45.02
14984,2025-03-25,West,Monitor,2,68.56
14985,2025-08-02,East,Monitor,1,106.32
14986,2025-05-09,East,Monitor,3,34.07
14987,2025-03-15,South,Laptop,1,173.21
14988,2025-11-27,North,Laptop,2,20.98
14989,2025-07-12,East,Laptop,1,63.32
14990,2025-12-07,West,Keyboard,1,68.17
14991,2025-07-29,East,Laptop,1,94.17
14992,2025-03-21,West,Laptop,3,89.99
14993,2025-06-26,South,Headset,4,72.11
14994,2025-10-02,South,Keyboard,1,38.35
14995,2025-04-30,South,Laptop,1,129.43
14996,2025-11-05,South,Laptop,1,101.85
14997,2025-04-16,West,Laptop,3,98.24
14998,2025-01-30,West,Headset,1,84.27
14999,2025-04-02,North,Laptop,2,27.31
